CatalogueNumber,Institution,Long,Lat,Country,Region,Island,GeneralLocality,SpecificLocality,InitialSpeciesID,Sex,SVL,TL,ED,OD,HW,HD,HL,HdL,FbL,FtL,HbL,MidSR,VerSC,PoPV,UpPV,SL,IL,SlF3,SlT4,NS,FnsH,SnsH,FnsW,SnsW,CS
349923,KU,123.8313,13.7316,Philippines,Luzon,Luzon,Municipality of Caramoan,Barangay Hanopol; Hanopol River (Dam vicinity),Bronchocela marmorata,f,80.19,cut,2.16,6.74,11.9,10.41,21.79,17.42,43.38,32.04,73.12,50,35,4,1,11,12,30,36,11,2,2,1,1,6
329327,KU,121.2032,15.0333,Philippines,Luzon,Luzon,Municipality of Dona Remedios Trinidad,"Barangay Kabayunan, Sitio Langud, Langud River, Angat Watershed",Bronchocela marmorata,f,83.2,regen,2.24,7.07,11.93,10.29,21.67,15.61,43.71,29.35,69.89,49,30,3,1,9,9,25,30,12,1,1,0.5,0.5,6
305472,KU,123.56905,13.73609,Philippines,Luzon,Luzon,Municipality of Lagonoy,Barangay Manamoc,Bronchocela cristatella,f,83.26,250,2.51,7.18,11.04,10.55,21.61,16.32,41.24,29.47,66.18,46,30,4,1,10,10,28,32,9,3,3,1.5,1.5,6
276647,KU,121.5461,14.6475,Philippines,Luzon,Luzon,Municipality of Infanta,"Barangay Magsaysay; Infanta-Marikina Highway, Southern Sierra Madre Mountain Range",Bronchocela marmorata,f,83.36,282,2.23,6.99,11.92,11.63,22.65,16.91,45.32,32.17,73.17,53,32,4,1,10,10,28,32,9,3,3,1,1,7
347782,KU,124.0818,12.6991,Philippines,Luzon,Luzon,Municipality of Irosin,"Barangay Cawayan, Mt. Cawayan base camp",Bronchocela marmorata,f,83.72,278,2.55,6.61,11.97,10.27,21.26,17.09,44.19,31.56,73.12,56,34,2,1,10,11,27,32,10,4,3,1,1,6
320284,KU,122.06122,18.22816,Philippines,Luzon,Luzon,Municipality of Gonzaga,"Barangay Santa Clara, Purok 7",Bronchocela cristatella,f,84.26,278,2.39,7.37,11.26,10.71,22.05,19.85,46.09,31.66,71.88,48,36,4,1,10,11,29,34,12,1.5,1.5,1,1,6
347797,KU,124.07613,12.70489,Philippines,Luzon,Luzon,Municipality of Irosin,"Barangay Cawayan, Mt. Cawayan base camp",Bronchocela marmorata,f,85.73,284,2.51,7.46,12.01,10.45,21.74,17.86,46.68,32.85,74.52,49,31,3,1,8,9,26,35,9,2,3,1,1,5
276637,KU,121.5931,14.7068,Philippines,Luzon,Luzon,Municipality of Infanta,"Barangay Magsaysay; Infanta-Marikina Highway, Southern Sierra Madre Mountain Range",Bronchocela marmorata,f,85.84,278,2.75,6.9,12.09,10.67,22.6,17.3,44.95,33.22,72.83,48,34,4,1,10,11,27,35,11,4,4,1,1,7
329324,KU,121.2032,15.0333,Philippines,Luzon,Luzon,Municipality of Dona Remedios Trinidad,"Barangay Kabayunan, Sitio Langud, Langud River, Angat Watershed",Bronchocela marmorata,f,86.18,259,2.41,6.69,11.7,10.34,22.29,17.17,45.57,32.76,76.02,59,32,4,1,9,10,28,35,10,2,2,1,1,6
329323,KU,121.2032,15.0333,Philippines,Luzon,Luzon,Municipality of Dona Remedios Trinidad,"Barangay Kabayunan, Sitio Langud, Langud River, Angat Watershed",Bronchocela marmorata,f,87.85,290,2.21,7.17,11.72,10.1,22.91,18.31,44.51,32.35,73.91,57,34,4,1,9,10,27,33,12,3,2,1,1,6
330734,KU,121.21694,14.13044,Philippines,Luzon,Luzon,Municipality of Los Banos,"Barangay Bagong Silang, Mt. Makiling Forest Reserve, Sitio Purok Tres",Bronchocela marmorata,m,89.17,288,2.24,7.86,11.56,10.77,22.52,17.4,47.74,33.42,78.37,49,32,4,1,9,9,34,38,11,3,3,1,1,7
349926,KU,123.6865,13.7912,Philippines,Luzon,Luzon,Municipality of Presentacion,"Barangay Lidong; Tariktik River drainage, at the base of Saddle Peak Mountain Range",Bronchocela marmorata,f,89.6,289,2.86,7.87,12.71,11.09,23.52,18.23,50.31,33.85,81.02,48,31,4,1,11,12,29,34,9,4,4,1,1,6
329328,KU,121.2032,15.0333,Philippines,Luzon,Luzon,Municipality of Dona Remedios Trinidad,"Barangay Kabayunan, Sitio Langud, Langud River, Angat Watershed",Bronchocela marmorata,f,89.87,300,2.65,7.43,11.31,10.64,22.77,17.75,47.03,33.19,75.83,60,34,4,1,11,11,31,36,11,2,2,1,1,6
324430,KU,123.730292,13.359358,Philippines,Luzon,Luzon,Municipality of Tabaco City,Barangay Bongabong; residential/agricultural areas near Mt. Mayon (coordinates at Tobaco City),Bronchocela cristatella,f,89.97,306,3.01,7.03,12.27,10.85,22.6,19.16,48.73,33.09,77.73,51,38,4,2,12,11,29,35,12,3,3,1.5,1.5,6
349922,KU,123.8313,13.7316,Philippines,Luzon,Luzon,Municipality of Caramoan,Barangay Hanopol; Hanopol River (Dam vicinity),Bronchocela marmorata,f,91.03,290,3.31,7.43,12.31,10.72,23.84,18.5,49.63,33.9,77.7,48,31,3,1,9,10,29,35,9,4,4,1,1,6
329538,KU,120.894,18.449,Philippines,Luzon,Luzon,Municipality of Adams,"Barangay Adams, Site 3, Mt. Pao",Bronchocela marmorata,m,92.5,247,2.01,7.75,12.88,10.93,23.66,17.14,48.24,33.29,77.74,54,33,4,1,9,9,29,32,10,3,3,1,1,5
329537,KU,120.894,18.449,Philippines,Luzon,Luzon,Municipality of Adams,"Barangay Adams, Site 3, Mt. Pao",Bronchocela marmorata,m,93.35,300,2.74,8.16,13.69,12.12,25.8,18.15,48.17,32.83,75.52,58,30,3,2,8,9,29,34,11,3,3,1,1,7
328930,KU,121.20562,14.93231,Philippines,Luzon,Luzon,Municipality of Norzagaray,"Barangay San Lorenzo, Sitio Langud, Angat Watershed",Bronchocela marmorata,f,93.45,310,2.71,7.94,12.86,11.08,23.72,17.67,48.36,35.14,82.62,49,28,4,1,10,10,28,34,11,3,3,1,1,6
349921,KU,123.8313,13.7316,Philippines,Luzon,Luzon,Municipality of Caramoan,Barangay Hanopol; Hanopol River (Dam vicinity),Bronchocela marmorata,f,94.46,319,2.59,7.72,13.5,12.03,25.04,20.65,53.82,34.98,83.17,47,27,2,1,10,10,29,34,9,4,4,1,1,6
347795,KU,124.07561,12.70657,Philippines,Luzon,Luzon,Municipality of Irosin,"Barangay Cawayan, Mt. Cawayan base camp",Bronchocela marmorata,f,95.05,306,2.83,7.33,13.38,11.41,25.19,18.46,52.16,34.43,81.61,54,31,4,1,9,11,29,32,10,4,4,1,1,6
275722,KU,121.5417,14.6536,Philippines,Luzon,Luzon,Municipality of Infanta,"Barangay Magsaysay; Infanta-Marikina Highway, Southern Sierra Madre Mountain Range",Bronchocela marmorata,f,95.3,320,2.54,8.53,12.25,12.01,24.86,19.32,52.67,36.29,83.16,62,33,2,1,11,12,29,31,10,3,3,1.5,1,6
347793,KU,124.07561,12.70657,Philippines,Luzon,Luzon,Municipality of Irosin,"Barangay Cawayan, Mt. Cawayan base camp",Bronchocela marmorata,f,95.44,303,2.9,8.03,12.84,11.33,25.78,18.46,50.1,36.38,82.53,57,32,4,2,10,10,29,34,11,5,5,1,1,6
323048,KU,121.576,15.742,Philippines,Luzon,Luzon,Municipality of Baler,"Barangay Zabali, Aurora State College of Technology (ASCOT)",Bronchocela marmorata,m,95.58,299,3.08,7.86,13.48,11.28,26.54,18.17,48.8,33.02,79,65,34,3,2,10,11,32,35,11,4,4,1.5,1.5,6
323049,KU,121.4782,15.68244,Philippines,Luzon,Luzon,Municipality of San Luis,"Barangay Nonong Sr.; scouting trip, coconut fields near San Luis",Bronchocela marmorata,m,95.62,312,2.87,8.3,13.5,11.82,25.45,19.01,51.01,34.57,79.77,60,34,3,2,9,10,29,33,13,3,3,1,1,7
323046,KU,121.576,15.742,Philippines,Luzon,Luzon,Municipality of Baler,"Barangay Zabali, Aurora State College of Technology (ASCOT)",Bronchocela marmorata,f,95.63,315,2.7,7.42,13.14,11.13,24.08,17.69,49.16,35.53,81.6,60,36,4,1,11,10,27,33,11,3,3,1,1,5
335215,KU,121.153306,14.901611,Philippines,Luzon,Luzon,Municipality of Norzagaray,"Barangay Baraka, Angat AWAT facility",Bronchocela marmorata,f,95.75,319,2.71,7.73,11.87,11.32,24.27,20.1,51.26,36.15,80.64,45,35,4,1,9,9,27,33,11,4,4,1,1,6
155818,AMNH,121.827482,13.401041,Philippines,Luzon,Marinduque,Municipality of Boac,Barangay Amoigon,Bronchocela marmorata,f,95.95,304,3,8.51,13.77,11.61,25.54,16.14,50.13,32.12,77.66,51,34,4,0,9,9,27,34,12,5,5,1,1,6
329536,KU,120.894,18.449,Philippines,Luzon,Luzon,Municipality of Adams,"Barangay Adams, Site 3, Mt. Pao",Bronchocela marmorata,f,97.55,320,2.67,8.59,14.54,12.77,27.15,19.64,51.91,33.84,81.31,48,34,4,1,9,10,29,34,10,4,4,1,1,6
349927,KU,123.6865,13.78883,Philippines,Luzon,Luzon,Municipality of Presentacion,"Barangay Lidong; Tariktik River drainage, at the base of Saddle Peak Mountain Range",Bronchocela marmorata,m,97.9,318,2.74,7.95,15.45,12.53,26.5,20.5,55.12,37.81,87.44,47,33,3,1,10,10,28,33,9,4,5,1,2,7
305473,KU,122.78259,14.08988,Philippines,Luzon,Luzon,Municipality of Labo,Tulay na Lupa,Bronchocela cristatella,m,97.91,322,2.46,8.36,12.78,12.03,26.44,20.44,51.04,36.43,82.2,46,29,4,3,10,10,30,34,11,4,4,1.5,1.5,6
275725,KU,121.5508,14.6682,Philippines,Luzon,Luzon,Municipality of Infanta,"Barangay Magsaysay; Infanta-Marikina Highway, Southern Sierra Madre Mountain Range",Bronchocela marmorata,f,98.23,330,3.28,7.63,13.01,12.34,26.62,19.85,54.97,36.11,85.74,60,34,4,2,9,10,31,38,11,3,3,1,1.5,7
160933,AMNH,121.864358,13.470619,Philippines,Luzon,Marinduque,Municipality of Mogpog,"Poblacion, near Danao",Bronchocela marmorata,f,98.59,336,3.38,9.08,15,13.35,27.48,17.34,51.54,33.53,81.31,58,39,5,0,12,11,26,34,11,3,3,1,1,6
349930,KU,123.67204,13.78037,Philippines,Luzon,Luzon,Municipality of Presentacion,"Barangay Lidong; Tariktik River drainage, at the base of Saddle Peak Mountain Range",Bronchocela marmorata,f,98.81,315,3.1,8.77,15.68,13.55,28.01,18.77,51.87,34.3,82.29,47,28,4,1,9,11,26,31,9,4,5,1,1,5
347798,KU,124.07613,12.70489,Philippines,Luzon,Luzon,Municipality of Irosin,"Barangay Cawayan, Mt. Cawayan base camp",Bronchocela marmorata,f,99.57,305,2.79,8.63,14.3,11.79,27.31,19.33,52.43,33.01,80.27,53,31,3,1,11,10,27,32,10,4,3,1,1,6
347791,KU,124.07561,12.70657,Philippines,Luzon,Luzon,Municipality of Irosin,"Barangay Cawayan, Mt. Cawayan base camp",Bronchocela marmorata,m,100.25,318,3.04,7.99,13.86,12.85,26.3,19.51,52.66,37.03,83.88,46,30,3,1,9,10,25,29,9,4,4,1,1,6
349929,KU,123.67204,13.78037,Philippines,Luzon,Luzon,Municipality of Presentacion,"Barangay Lidong; Tariktik River drainage, at the base of Saddle Peak Mountain Range",Bronchocela marmorata,f,100.27,308,3.21,8.44,14.31,12.88,27.66,18.12,51.02,34.85,83.2,50,33,4,1,10,11,29,35,9,5,5,1,1,6
323050,KU,122.185833,16.29316,Philippines,Luzon,Luzon,Municipality of Casiguran,"Barangay Casapsipan, IDC Forestry land",Bronchocela cristatella,m,100.64,322,2.96,7.75,13.57,12.08,26.85,19.2,50.18,35.74,82.57,68,34,5,3,9,10,28,32,11,3,3,1,1,6
323045,KU,121.336,15.68,Philippines,Luzon,Luzon,Municipality of Maria Aurora,"Barangay Villa Aurora, Sitio Dimani, Aurora Memorial National Park (town proper)",Bronchocela marmorata,m,101.35,324,2.88,7.56,13.09,11.63,25.46,20.03,53.01,39.83,90.76,58,37,2,2,9,10,29,34,10,3,3,1,1,7
349920,KU,123.8313,13.7316,Philippines,Luzon,Luzon,Municipality of Caramoan,Barangay Hanopol; Hanopol River (Dam vicinity),Bronchocela marmorata,f,101.46,regen,3.21,8.05,14.07,12.01,26.52,19.64,54.12,36.25,86.41,46,30,4,1,9,10,28,32,9,4,4,1,1,6
305475,KU,122.78259,14.08988,Philippines,Luzon,Luzon,Municipality of Labo,Tulay na Lupa,Bronchocela cristatella,m,102.57,340,3.32,8.28,13.94,12.8,27.42,20.3,52.11,35.32,81.29,57,33,4,3,11,11,27,32,11,6,6,2,2,7
333999,KU,121.5014,14.2851,Philippines,Luzon,Luzon,Municipality of Lumban,"Barangay Caliraya, Calaraya River",Bronchocela marmorata,f,102.75,298,2.73,8,13.62,11.45,26.43,18.19,50.82,34.08,80.04,48,33,4,1,9,10,28,30,9,4,4,2,2,7
349932,KU,123.98682,13.80176,Philippines,Luzon,Luzon,Municipality of Presentacion,"Barangay Lidong; Tariktik River drainage, at the base of Saddle Peak Mountain Range",Bronchocela marmorata,f,102.95,335,3.11,8.86,16.06,12.49,28.12,18.66,53.3,35.66,85.32,46,33,2,1,10,12,29,33,9,5,6,1,1,6
347800,KU,124.07974,12.70211,Philippines,Luzon,Luzon,Municipality of Irosin,"Barangay Cawayan, Mt. Cawayan base camp",Bronchocela marmorata,f,104.24,339,2.79,8.42,14.01,12.36,25.86,21.13,55.13,37.81,87.63,49,31,4,1,11,10,31,35,9,4,4,1,1,6
328933,KU,121.20562,14.93231,Philippines,Luzon,Luzon,Municipality of Norzagaray,"Barangay San Lorenzo, Sitio Langud, Angat Watershed",Bronchocela marmorata,f,104.48,345,2.78,8.6,13.56,12.65,27.94,18.6,51.45,36.39,86.01,51,35,4,1,10,10,31,34,10,4,4,1,1,6
347788,KU,124.0736,12.6994,Philippines,Luzon,Luzon,Municipality of Irosin,"Barangay Cawayan, Mt. Cawayan base camp",Bronchocela marmorata,f,104.59,regen,3.36,8,15.73,13.15,29.67,20.18,55.53,37.14,89.01,60,30,3,1,10,11,25,30,9,4,5,1,2,6
347787,KU,124.0736,12.6945,Philippines,Luzon,Luzon,Municipality of Irosin,"Barangay Cawayan, Mt. Cawayan base camp",Bronchocela marmorata,f,104.88,326,2.89,8.55,15.57,12.24,27.88,20.71,55.94,37.33,88.61,52,31,4,1,10,10,28,32,10,5,5,1,1,6
334000,KU,121.5014,14.2851,Philippines,Luzon,Luzon,Municipality of Lumban,"Barangay Caliraya, Calaraya River",Bronchocela marmorata,f,105.1,324,3.28,8.73,13.1,12.12,27.02,18.89,50.28,35.1,84.11,56,33,4,1,11,9,30,34,10,5,5,1,1,6
313803,KU,122.47132,14.05623,Philippines,Luzon,Luzon,Municipality of Labo,Barangay Tulay Na Lupa,Bronchocela cristatella,f,105.14,320,3.25,8.36,13.08,11.63,26.94,17.42,46.82,32.78,79.26,56,39,4,1,10,10,26,32,11,3,3,1,1,6
333998,KU,121.5014,14.2851,Philippines,Luzon,Luzon,Municipality of Lumban,"Barangay Caliraya, Calaraya River",Bronchocela marmorata,m,105.18,328,2.88,8,14.18,12.65,26.68,20.86,54.41,38.87,90.31,49,33,4,1,10,10,29,32,9,4,4,2,2,6
347783,KU,124.07561,12.70657,Philippines,Luzon,Luzon,Municipality of Irosin,"Barangay Cawayan, Mt. Cawayan base camp",Bronchocela marmorata,f,106.2,325,3.05,8.38,15.26,13.54,27.47,19.07,53.85,37.88,86.61,45,32,3,1,9,9,25,32,9,5,4,1,1,6
323044,KU,121.336,15.68,Philippines,Luzon,Luzon,Municipality of Maria Aurora,"Barangay Villa Aurora, Sitio Dimani, Aurora Memorial National Park (town proper)",Bronchocela marmorata,f,106.51,346,2.92,9,16.36,13.82,27.68,19.63,55.21,35.72,85.22,56,35,4,2,10,10,30,35,13,4,4,1,1,6
329325,KU,121.2032,15.0333,Philippines,Luzon,Luzon,Municipality of Dona Remedios Trinidad,"Barangay Kabayunan, Sitio Langud, Langud River, Angat Watershed",Bronchocela marmorata,m,106.63,350,3.11,9.21,15.54,14.16,31.03,21.51,58.4,39.46,91.97,62,32,4,2,9,9,31,37,9,5,6,1,1.5,7
328932,KU,121.20562,14.93231,Philippines,Luzon,Luzon,Municipality of Norzagaray,"Barangay San Lorenzo, Sitio Langud, Angat Watershed",Bronchocela marmorata,f,106.81,345,2.81,8.13,14.47,12.72,29.47,19.62,52.27,37.8,88.15,54,39,4,1,9,9,29,35,10,5,4,1,1,7
347792,KU,124.07561,12.70657,Philippines,Luzon,Luzon,Municipality of Irosin,"Barangay Cawayan, Mt. Cawayan base camp",Bronchocela marmorata,f,106.92,335,3.16,8.25,14.75,12.92,27.88,20.29,56.47,34.04,86.12,58,30,4,1,12,9,27,33,11,4,5,1,1,5
349918,KU,123.8313,13.7316,Philippines,Luzon,Luzon,Municipality of Caramoan,Barangay Hanopol; Hanopol River (Dam vicinity),Bronchocela marmorata,m,107.33,364,3.85,9.71,16.16,15.7,30.51,21.76,58.04,37.9,90.49,45,34,2,2,11,10,31,35,9,8,8,2,2,6
349933,KU,123.6678,13.7766,Philippines,Luzon,Luzon,Municipality of Presentacion,"Barangay Lidong; lower slopes of Saddle Peak Mountain Range, above Tariktik River drainage, local area name = ""Palalihun""",Bronchocela marmorata,f,107.51,335,3.54,9,15.48,12.43,29.18,20.65,57.16,39.43,90.49,45,28,2,1,10,10,28,33,10,4,4,1,1,6
328931,KU,121.20562,14.93231,Philippines,Luzon,Luzon,Municipality of Norzagaray,"Barangay San Lorenzo, Sitio Langud, Angat Watershed",Bronchocela marmorata,m,107.55,365,2.95,9.29,15.89,13.29,30.34,21.69,57.11,39.64,90.52,65,35,3,2,10,10,29,35,10,4,4,1,1,6
335214,KU,121.153306,14.901611,Philippines,Luzon,Luzon,Municipality of Norzagaray,"Barangay Baraka, Angat AWAT facility",Bronchocela marmorata,f,107.94,342,3.51,8.72,14.26,12.67,28.09,19.5,52.2,34.14,78.34,58,35,4,1,10,10,27,34,12,5,5,1,1,6
329535,KU,120.894,18.449,Philippines,Luzon,Luzon,Municipality of Adams,"Barangay Adams, Site 3, Mt. Pao",Bronchocela marmorata,m,108.55,340,3.02,8.42,15.83,14.45,29.44,22.87,57.28,40.08,90.78,57,29,4,2,10,9,27,33,11,6,5,2,1,7
324428,KU,123.730292,13.359358,Philippines,Luzon,Luzon,Municipality of Tabaco City,Barangay Bongabong; residential/agricultural areas near Mt. Mayon (coordinates at Tobaco City),Bronchocela cristatella,m,108.63,309,3.39,9.32,15.32,13.44,31.36,23.3,58.33,38.29,90.91,51,32,4,2,9,10,32,35,11,6,6,1.5,1.5,7
330106,KU,122.104,18.236,Philippines,Luzon,Luzon,Municipality of Gonzaga,"Barangay Magrafil, Site 2, Mt. Cagua",Bronchocela marmorata,m,109.02,345,2.75,8.82,16.45,13.92,29.42,20.38,56.38,36.82,87.62,54,37,3,2,10,9,28,32,12,3,3,1,1,6
349931,KU,123.67838,13.80335,Philippines,Luzon,Luzon,Municipality of Presentacion,"Barangay Lidong; Tariktik River drainage, at the base of Saddle Peak Mountain Range",Bronchocela marmorata,f,109.06,329,3.71,8.98,15.45,14.37,29.76,20.97,58.62,38.41,90.82,53,28,4,1,10,11,31,39,9,6,5,1,1,6
347799,KU,124.07613,12.70489,Philippines,Luzon,Luzon,Municipality of Irosin,"Barangay Cawayan, Mt. Cawayan base camp",Bronchocela marmorata,f,109.67,335,3.01,8.68,15.31,14.13,29.33,20.04,53.72,34.98,85.77,49,31,3,1,11,10,28,31,9,5,4,2,1,6
329326,KU,121.2032,15.0333,Philippines,Luzon,Luzon,Municipality of Dona Remedios Trinidad,"Barangay Kabayunan, Sitio Langud, Langud River, Angat Watershed",Bronchocela marmorata,m,109.91,349,2.91,9.1,16.6,13.35,32.76,18.91,53.01,34.81,86.31,50,41,3,1,11,12,29,34,11,6,6,1,1,7
324427,KU,123.730292,13.359358,Philippines,Luzon,Luzon,Municipality of Tabaco City,Barangay Bongabong; residential/agricultural areas near Mt. Mayon (coordinates at Tobaco City),Bronchocela cristatella,m,111.07,355,3.06,9.19,16.33,15.57,32.34,22.82,58.51,37.62,90.03,53,34,4,2,11,10,28,32,10,5,6,2,2,7
347786,KU,124.0736,12.6994,Philippines,Luzon,Luzon,Municipality of Irosin,"Barangay Cawayan, Mt. Cawayan base camp",Bronchocela marmorata,m,112.04,368,3.5,9.66,17.19,13.37,30.81,20.93,58.75,38.16,92.34,56,31,4,2,12,11,28,34,9,6,6,2,2,6
328791,KU,121.20562,14.93231,Philippines,Luzon,Luzon,Municipality of Norzagaray,"Barangay San Lorenzo, Sitio Langud, Angat Watershed",Bronchocela marmorata,f,112.46,345,3.4,8.55,15.55,14.29,31.34,20.53,54.67,35.89,85.65,46,40,2,2,11,11,33,39,11,4,5,1,1,6
329322,KU,121.1423333,14.8955333,Philippines,Luzon,Luzon,Municipality of Norzagaray,"Barangay Baraka, Bit-bit River, Angat Watershed",Bronchocela marmorata,m,112.97,383,3.91,8.93,15.97,13.77,31.78,23.93,63.08,41.49,93.65,50,28,4,2,10,9,28,32,9,6,5,2,2,6
347785,KU,124.0793,12.7045,Philippines,Luzon,Luzon,Municipality of Irosin,"Barangay Cawayan, Mt. Cawayan base camp",Bronchocela marmorata,f,113.59,371,3.01,9.46,17.71,15.49,33.55,23.6,62.72,42.04,98.52,54,31,2,2,9,8,29,36,9,7,7,1,1,6
347796,KU,124.07613,12.70489,Philippines,Luzon,Luzon,Municipality of Irosin,"Barangay Cawayan, Mt. Cawayan base camp",Bronchocela marmorata,m,113.59,336,3.03,8.7,16.26,14.23,29.56,22.57,57.6,38.49,90.44,52,34,3,1,9,9,29,35,9,5,6,2,2,6
349925,KU,123.8414,13.7315,Philippines,Luzon,Luzon,Municipality of Caramoan,Barangay Hanopol; Hanopol River (Dam vicinity),Bronchocela marmorata,m,113.86,370,3.99,10.24,17.77,15.24,32.91,21.02,57.41,37.82,91.23,52,33,2,2,11,11,27,30,9,7,8,2,2,6
308082,KU,124.29378,13.6543,Philippines,Luzon,Luzon,Municipality of San Miguel,Sulong,Bronchocela cristatella,m,113.93,274,3.98,9.34,16.08,14.06,31.39,21.54,56.17,38.18,89.67,45,33,3,2,10,11,28,32,8,6,5,2,2,6
347794,KU,124.07561,12.70657,Philippines,Luzon,Luzon,Municipality of Irosin,"Barangay Cawayan, Mt. Cawayan base camp",Bronchocela marmorata,m,114.37,380,3.01,8.78,17.52,14.43,32.1,22.71,59.31,41.04,95.17,58,29,2,2,9,9,29,33,11,7,7,2,2,6
330104,KU,122.104,18.236,Philippines,Luzon,Luzon,Municipality of Gonzaga,"Barangay Magrafil, Site 2, Mt. Cagua",Bronchocela marmorata,m,114.85,370,3.22,8.76,17.22,14.07,32.87,21.77,55.99,38.97,90.43,57,35,2,2,11,12,29,32,11,5,5,1,1,7
347802,KU,124.07974,12.70211,Philippines,Luzon,Luzon,Municipality of Irosin,"Barangay Cawayan, Mt. Cawayan base camp",Bronchocela marmorata,m,114.89,364,3.2,9.65,16.75,15.06,30.9,21.31,57.29,37.98,91.81,45,32,3,1,10,10,27,31,10,7,7,2,2,6
347801,KU,124.07974,12.70211,Philippines,Luzon,Luzon,Municipality of Irosin,"Barangay Cawayan, Mt. Cawayan base camp",Bronchocela marmorata,m,115.69,regen,3.61,9.65,18.55,16.18,32.88,22.04,58.55,39.64,94.42,52,31,3,1,11,12,26,32,10,8,7,2,2,6
323051,KU,121.529,15.68,Philippines,Luzon,Luzon,Municipality of San Luis,"Barangay Real, Sitio Minoli, limestone forest",Bronchocela cristatella,m,116.22,390,3.45,9.54,15.97,14.93,31.53,21.85,59.07,42.23,96.01,60,35,2,3,12,11,25,31,10,6,6,1.5,1.5,6
349924,KU,123.8313,13.7316,Philippines,Luzon,Luzon,Municipality of Caramoan,Barangay Hanopol; Hanopol River (Dam vicinity),Bronchocela marmorata,m,117.14,362,4.06,9.54,17.59,15.74,34.3,22.35,58.98,42.48,96.94,48,33,2,2,9,11,31,35,9,8,9,2,2,6
347789,KU,124.07178,12.70441,Philippines,Luzon,Luzon,Municipality of Irosin,"Barangay Cawayan, Mt. Cawayan base camp",Bronchocela marmorata,m,117.44,regen,2.94,9.35,17.33,14.91,33.1,22.29,60.85,39.96,96.62,51,31,2,2,9,9,29,35,10,6,6,2,2,6
347790,KU,124.07561,12.70657,Philippines,Luzon,Luzon,Municipality of Irosin,"Barangay Cawayan, Mt. Cawayan base camp",Bronchocela marmorata,m,117.57,363,3.12,9.24,17.4,15,33.16,22.6,60.33,39.07,93.88,55,31,2,2,10,10,27,34,11,6,6,2,2,6
305474,KU,121.17257,17.34711,Philippines,Luzon,Luzon,Municipality of Lubuagan,Barangay Poblacion,Bronchocela marmorata,f,121.3,357,3.31,9.29,18.32,16.12,34.29,25.05,63.05,40.74,93.93,49,31,2,2,9,10,30,37,11,8,8,1,1,7
305476,KU,121.17257,17.34711,Philippines,Luzon,Luzon,Municipality of Lubuagan,Barangay Poblacion,Bronchocela marmorata,m,123.69,400,3.62,9.92,19.06,16.54,35.89,23.47,61.39,40.87,98.14,59,28,4,3,9,11,26,29,10,9,9,2,2,7
310804,KU,125.29276,11.80255,Philippines,Mindanao,Samar,Municipality of Taft,Barangay San Rafael,Bronchocela cristatella,f,70.3,233,2.12,6.37,10.88,9.09,20.61,13.27,35.22,26.27,58.85,51,28,5,1,10,9,25,31,10,2,2,1,1,5
332710,KU,124.126,9.72,Philippines,Mindanao,Bohol,Municipality of Bilar,"Barangay Zamora, Sitio Duangon, Duangon Spring",Bronchocela cristatella,f,70.43,240,2.49,6.16,9.99,8.52,18.9,13.52,36.49,26.15,60.69,54,32,6,1,10,10,25,30,10,1,1,0.5,0.5,5
309861,KU,124.70845,9.192516667,Philippines,Mindanao,Camiguin,Municipality of Mambajao,"Barangay Pandan, sitio Pamahawan",Bronchocela cristatella,f,70.66,225,2.88,6.49,11.29,9.41,20.18,13.36,34.06,25.34,58.41,50,28,6,1,10,10,24,28,10,1,1,1,1,6
343874,KU,124.7896,10.9747,Philippines,Mindanao,Leyte, Municipality of Burauen,"Barangay Dinaayan, Makaturog River Drainage",Bronchocela sp.,f,71.82,249,2.29,7.17,11.3,9.39,20.28,14.66,38.02,26.94,63.86,58,30,7,1,9,10,26,30,11,3,3,1,1,6
324434,KU,124.12344,9.70551,Philippines,Mindanao,Bohol,"Municipality of Bilar, Raja Sikatuna Natural Park",Barangay Riverside; Magsaysay Park,Bronchocela cristatella,f,72.1,255,2.7,6.44,10.76,8.98,19.48,14.22,37.54,26.6,62.23,44,29,5,1,10,10,22,29,10,1.5,1.5,0.5,0.5,6
343873,KU,124.7896,10.9747,Philippines,Mindanao,Leyte, Municipality of Burauen,"Barangay Dinaayan, Makaturog River Drainage",Bronchocela sp.,f,72.63,cut,2.16,7.29,11.3,9.32,19.88,13.08,34.02,26.1,58.88,57,37,6,1,9,10,23,29,11,1,1,0.5,1,6
343865,KU,124.7902,10.9808,Philippines,Mindanao,Leyte, Municipality of Burauen,"Barangay Dinaayan, Makaturog River Drainage",Bronchocela sp.,f,73.51,cut,2.3,6.64,10.55,9.3,20.94,14.2,38.19,27.25,64.21,54,31,6,1,8,9,25,29,11,1,1,0.5,0.5,5
324435,KU,124.12344,9.70551,Philippines,Mindanao,Bohol,"Municipality of Bilar, Raja Sikatuna Natural Park",Barangay Riverside; Magsaysay Park,Bronchocela cristatella,f,74.81,251,2.58,6.59,10.91,9.57,21.75,14.94,39.46,27.61,66.72,47,31,5,1,8,11,25,30,10,1.5,1.5,0.5,0.5,5
305477,KU,125.02315,11.93962,Philippines,Mindanao,Samar,Municipality of San Jose de Baun,Barangay Capaysagan,Bronchocela cristatella,m,74.99,255,2.49,6.55,11.17,9.07,21.47,14.8,38.56,28.75,63.44,52,31,5,1,9,10,26,28,10,3,3,1,1,5
344141,KU,125.3759,11.2091,Philippines,Mindanao,Samar,Municipality of Balangiga,"Barangay Guinmaayohan, Sitio Bangon, Kaantulan River Drainage",Bronchocela sp.,f,75.31,262,2.39,7.51,10.46,10.17,21.52,14.83,38.98,27.37,64.27,55,31,5,1,9,10,27,32,9,2,2,1,1,6
334009,KU,125.0794,8.7216,Philippines,Mindanao,Mindanao,Gingoog City,"Sitio Kibuko-boundary with Barangay Lawaan, Ginoog River,  Mt. Lumot, Camp 9",Bronchocela cristatella,f,76.38,264,3.05,7.22,11.45,10,22.78,15.47,38.25,30.27,66.95,56,30,6,1,9,9,28,35,11,2,2,1,1,5
343869,KU,124.7902,10.9808,Philippines,Mindanao,Leyte, Municipality of Burauen,"Barangay Dinaayan, Makaturog River Drainage",Bronchocela sp.,f,76.87,260,2.4,6.91,11.44,10.25,21.91,14.28,38.6,27.59,64.37,51,34,6,1,10,10,25,30,10,2,2,0.5,0.5,6
343870,KU,124.7896,10.9747,Philippines,Mindanao,Leyte, Municipality of Burauen,"Barangay Dinaayan, Makaturog River Drainage",Bronchocela sp.,f,77.36,250,2.38,7.14,11.53,9.57,21.7,14.98,38.59,29.09,66.63,51,31,6,1,9,11,27,30,10,1,1,0.5,0.5,6
324436,KU,124.12344,9.70551,Philippines,Mindanao,Bohol,"Municipality of Bilar, Raja Sikatuna Natural Park",Barangay Riverside; Magsaysay Park,Bronchocela cristatella,f,77.49,cut,2.97,7.25,11.53,10.4,23.16,14.41,40.48,25.1,63.16,49,32,6,1,9,10,24,32,10,1.5,1.5,1,0.5,6
337252,KU,125.04111,12.05284,Philippines,Mindanao,Samar,Municipality of San Jose de Baun,"Barangay Uno, Mt. Huraw",Bronchocela marmorata,f,77.57,255,2.54,7.35,10.64,10.13,21.28,15.44,41.18,30.01,69.41,53,30,5,1,9,9,28,35,10,3,3,1,1,5
336463,KU,125.193051,11.195946,Philippines,Mindanao,Samar,Municipality of Marabut, Barangay Marabut,Bronchocela cristatella,f,77.61,247,2.44,6.41,10.45,9.41,20.55,15.47,39.21,27.11,62.42,48,35,6,1,8,10,27,33,10,1,1,0.5,0.5,7
334005,KU,125.0794,8.7216,Philippines,Mindanao,Mindanao,Gingoog City,"Sitio Kibuko-boundary with Barangay Lawaan, Ginoog River,  Mt. Lumot, Camp 5",Bronchocela cristatella,f,77.91,267,2.36,7.17,11.5,10.31,23.68,13.35,38.85,27.98,65.55,51,32,6,1,7,8,24,32,11,1,1,0.5,0.5,6
334604,KU,122.0895,7.0074,Philippines,Mindanao,Mindanao,"Zamboanga City, Pasonanca Natural Park",Sitio Muruk; Dos Rio's Outpost,Bronchocela cristatella,f,78.18,cut tip,2.81,7.4,11.32,10.09,22.93,15.97,40.12,30.24,67.48,58,39,6,1,11,12,27,33,11,1.5,1.5,1,1,6
305471,KU,124.82412,10.67126,Philippines,Mindanao,Leyte,Municipality of Baybay,Barangay Ga-as,Bronchocela cristatella,f,78.26,265,2.72,6.49,11.44,9.78,22.1,13.51,39.67,28.95,65.72,54,32,5,1,7,10,24,28,10,1,1,0.5,0.5,5
327281,KU,125.231,6.626,Philippines,Mindanao,Mindanao,Municipality of Kiblawan,Barangay Kimlawis (coordinates at Davao City),Bronchocela cristatella,f,78.45,cut,3.28,6.86,11.55,10.56,22.27,13.88,38.86,28.72,67.29,53,34,5,1,10,11,26,36,12,2,2,1,1,6
310803,KU,125.29276,11.80255,Philippines,Mindanao,Samar,Municipality of Taft,Barangay San Rafael,Bronchocela cristatella,f,78.7,232,2.46,6.56,11.42,9.46,20.84,13.6,36.24,25.96,62.69,46,30,5,1,10,10,24,32,9,1.5,1.5,1,1,6
343876,KU,124.7896,10.9747,Philippines,Mindanao,Leyte, Municipality of Burauen,"Barangay Dinaayan, Makaturog River Drainage",Bronchocela sp.,f,78.79,250,2.64,7.39,12.11,10.33,22.92,15.75,39.73,28.06,63.67,47,30,6,1,10,10,25,29,9,4,4,2,2,6
334006,KU,125.0794,8.7216,Philippines,Mindanao,Mindanao,Gingoog City,"Sitio Kibuko-boundary with Barangay Lawaan, Ginoog River,  Mt. Lumot, Camp 6",Bronchocela cristatella,f,79.43,285,2.71,7.5,11.5,10.25,23.81,15.15,40.52,26.5,65.73,49,33,5,1,9,10,28,33,10,2,2,1,1,6
337266,KU,125.27638,11.82875,Philippines,Mindanao,Samar,Municipality of Taft,"Barangay San Rafael, DENR House",Bronchocela marmorata,f,79.86,cut,2.27,7.1,10.54,10.26,22.33,15.43,41.5,28.52,68.63,52,32,5,1,9,10,27,30,10,1,1,1,1,6
343871,KU,124.7896,10.9747,Philippines,Mindanao,Leyte, Municipality of Burauen,"Barangay Dinaayan, Makaturog River Drainage",Bronchocela sp.,f,79.96,258,2.82,7.45,11.52,10.22,23.18,16,43.08,31.59,70.75,52,31,6,1,9,10,27,36,9,3,3,1,1,6
334603,KU,122.0817,7.1029,Philippines,Mindanao,Mindanao,"Zamboanga City, Pasonanca Natural Park",Sitio Catala; Catala Creek,Bronchocela cristatella,f,80.31,283,2.74,6.8,11.75,10.24,22.4,14.22,39.46,27.94,65.68,49,33,5,1,9,10,25,32,10,3,2,1,1,6
344142,KU,125.3672,11.2074,Philippines,Mindanao,Samar,Municipality of Balangiga,"Barangay Guinmaayohan, Sitio Bangon, Kaantulan River Drainage",Bronchocela sp.,f,80.8,270,2.49,6.97,11.82,9.37,21.42,14.45,39.95,29.21,67.03,51,35,5,1,9,12,26,35,11,1,1,0.5,0.5,6
343866,KU,124.7902,10.9808,Philippines,Mindanao,Leyte, Municipality of Burauen,"Barangay Dinaayan, Makaturog River Drainage",Bronchocela sp.,f,80.82,265,2.72,7.39,11.98,10.71,22.89,14.59,38.68,28.17,64.05,48,31,6,1,9,10,23,31,12,1,1.5,0.5,1,6
337268,KU,125.27638,11.82875,Philippines,Mindanao,Samar,Municipality of Taft,"Barangay San Rafael, DENR House",Bronchocela marmorata,m,80.86,245,2.2,7.21,11.16,10.26,21.55,14.33,40.17,28.87,68.9,54,30,6,1,8,10,23,28,10,3,3,1.5,1.5,5
337260,KU,125.04111,12.05284,Philippines,Mindanao,Samar,Municipality of San Jose de Baun,"Barangay Uno, Mt. Huraw",Bronchocela marmorata,m,80.88,275,2.31,7.19,11.64,10.59,23.58,16.55,41.11,30.07,69.81,47,29,6,1,9,10,27,31,9,4,4,1.5,2,6
337257,KU,125.04111,12.05284,Philippines,Mindanao,Samar,Municipality of San Jose de Baun,"Barangay Uno, Mt. Huraw",Bronchocela marmorata,f,81.1,266,2.69,7.52,12.56,10.45,23.87,14.35,40.94,29.23,68.19,49,32,5,1,9,10,24,27,10,3,3,1,1,6
334003,KU,125.0794,8.7216,Philippines,Mindanao,Mindanao,Gingoog City,"Sitio Kibuko-boundary with Barangay Lawaan, Ginoog River,  Mt. Lumot, Camp 3",Bronchocela cristatella,m,81.16,275,2.95,6.99,11.83,11.22,23.31,14.96,39.82,29.22,67.25,54,37,6,1,10,10,25,31,11,3,3,1.5,1.5,6
337258,KU,125.04111,12.05284,Philippines,Mindanao,Samar,Municipality of San Jose de Baun,"Barangay Uno, Mt. Huraw",Bronchocela marmorata,f,81.35,262,2.78,7.21,11.62,10.65,23.63,15.2,41.18,28.93,68.35,56,34,6,1,9,10,28,32,10,2,2,1,0.5,6
343877,KU,124.7896,10.9747,Philippines,Mindanao,Leyte, Municipality of Burauen,"Barangay Dinaayan, Makaturog River Drainage",Bronchocela sp.,f,81.47,270,2.92,7.92,12.96,11.61,24.31,17.43,43.54,33.43,73.88,57,31,5,1,9,10,25,32,11,2,2,0.5,1,5
337264,KU,125.2916,11.81207,Philippines,Mindanao,Samar,Municipality of Taft,"Barangay San Rafael, Kadakan River",Bronchocela marmorata,m,81.83,267,2.24,7.35,11.79,10.18,22.94,14.31,39.03,27.96,65.43,51,31,6,1,9,10,25,29,9,3,3,1,1,6
324437,KU,123.897667,9.791874,Philippines,Mindanao,Bohol,"Municipality of Sierra Bullones, Raja Sikatuna Natural Park",Barangay Danicop,Bronchocela cristatella,f,81.84,274,2.94,7.36,10.92,10.18,23.48,13.32,38.53,27.83,64.45,46,33,5,1,9,10,24,29,10,1.5,1.5,0.5,0.5,6
314841,KU,122.02885,7.01759,Philippines,Mindanao,Mindanao,"Zamboanga City, Pasonanca Natural Park","Barangay Baluno, Sitio km 24",Bronchocela cristatella,f,81.85,275,3.31,6.87,11.12,9.81,22.25,13.1,37.79,28.3,67.54,58,36,6,1,10,10,26,33,10,1.5,1.5,0.5,0.5,6
337262,KU,125.04111,12.05284,Philippines,Mindanao,Samar,Municipality of San Jose de Baun,"Barangay Uno, Mt. Huraw",Bronchocela marmorata,f,82.62,256,3.05,7.53,11.85,9.65,23.7,14.1,40.46,27.17,66.35,47,32,5,1,9,10,23,28,10,2,2,1,1,6
314844,KU,122.02885,7.01759,Philippines,Mindanao,Mindanao,"Zamboanga City, Pasonanca Natural Park","Barangay Baluno, Sitio km 24",Bronchocela cristatella,f,82.64,280,3.12,6.87,11.44,10.54,23.47,14.61,40.61,27.87,66.89,46,32,5,1,8,10,26,32,11,3,3,1,1,5
332709,KU,124.224,9.726,Philippines,Mindanao,Bohol,"Municipality of Valencia, Rajah Sikatuna Protected Landscape","Barangay Omjon, Sitio Napo",Bronchocela cristatella,f,83.28,287,2.42,7.27,12.13,9.97,23.18,15.14,39.73,28,67.33,49,38,6,1,9,11,26,30,10,2,2,1,1,6
314842,KU,122.06745,6.977316667,Philippines,Mindanao,Mindanao,"Zamboanga City, Pasonanca Natural Park","Barangay Pasanonca, Sitio canucutan",Bronchocela cristatella,f,83.48,271,3.99,7.65,11.81,10.66,24.64,14.75,40.06,28.43,68.86,53,35,5,1,9,10,26,31,12,1,1,0.5,0.5,6
344140,KU,125.3759,11.2091,Philippines,Mindanao,Samar,Municipality of Balangiga,"Barangay Guinmaayohan, Sitio Bangon, Kaantulan River Drainage",Bronchocela sp.,m,83.89,cut,3.13,8.05,13.4,11.69,23.59,15.62,40.29,31.08,72.35,57,34,7,1,10,11,26,32,10,4,4,1,1,6
326249,KU,123.9,9.783,Philippines,Mindanao,Bohol,"Municipality of Antequera, Raja Sikatuna Natural Park","Barangay Villa Aurora, Hinambacan Caves",Bronchocela cristatella,f,84.22,cut,3.3,7.14,11.38,10.38,24.05,14.75,38.3,29.21,67.97,50,34,5,1,10,10,27,37,10,3,3,1,1,6
337259,KU,125.04111,12.05284,Philippines,Mindanao,Samar,Municipality of San Jose de Baun,"Barangay Uno, Mt. Huraw",Bronchocela marmorata,f,84.34,204,3.04,7.79,11.81,10.63,23.86,16,43.54,30.93,72.36,52,30,5,1,9,9,25,35,11,1,1,0.5,0.5,6
314845,KU,122.02885,7.01759,Philippines,Mindanao,Mindanao,"Zamboanga City, Pasonanca Natural Park","Barangay Baluno, Sitio km 24",Bronchocela cristatella,f,84.43,273,3.02,7.24,11.98,10.64,24.36,14.91,40.63,30.07,69.46,45,31,5,1,9,10,27,33,10,1,1,0.5,0.5,6
310806,KU,125.29276,11.80255,Philippines,Mindanao,Samar,Municipality of Taft,Barangay San Rafael,Bronchocela cristatella,m,85,286,2.98,7.41,12.91,10.34,24.3,14.94,40.43,27.4,66.45,58,32,5,1,9,10,26,29,10,4,3,1,1,6
321375,KU,122.0604333,6.992233333,Philippines,Mindanao,Mindanao,"Zamboanga City, Pasonanca Natural Park",Tumaga River,Bronchocela cristatella,f,85.17,265,3.35,7.75,12.62,10.2,23.7,14.5,38.63,26.02,64.62,51,35,5,1,10,10,27,29,12,1.5,1.5,0.5,0.5,6
310339,KU,125.29276,11.80255,Philippines,Mindanao,Samar,Municipality of Taft,Barangay San Rafael,Bronchocela cristatella,f,85.36,279,2.85,7.14,11.66,10.73,23.59,14.78,39.93,29.1,66.99,47,32,5,1,8,9,26,30,10,1.5,1.5,0.5,0.5,6
337263,KU,125.04111,12.05284,Philippines,Mindanao,Samar,Municipality of San Jose de Baun,"Barangay Uno, Mt. Huraw",Bronchocela marmorata,f,85.37,279,2.97,8.51,11.79,10.33,24.44,14.22,40.5,29.68,71.71,46,32,5,1,8,10,26,30,9,3,3,1,1,6
310374,KU,125.6181167,10.34368333,Philippines,Mindanao,Dinagat,Municipality of Loreto,"Barangay Santiago, sitio Cambinlia (Sudlon)",Bronchocela cristatella,f,85.68,276,2.99,7.93,12.16,10.69,25.17,16.32,45.54,29.52,72.86,52,38,6,1,8,8,24,30,10,3,3,1,1,6
334001,KU,125.6726,9.0625,Philippines,Mindanao,Mindanao,Municipality of Remedios T. Romualdez,"May Impit,  Mt. Hilong-hilong",Bronchocela cristatella,f,86.13,290,3.31,7.82,12.44,11.05,25.83,15.37,43.14,29.67,69.4,52,31,5,1,11,10,27,31,11,2,2,0.5,0.5,5
334007,KU,125.0794,8.7216,Philippines,Mindanao,Mindanao,Gingoog City,"Sitio Kibuko-boundary with Barangay Lawaan, Ginoog River,  Mt. Lumot, Camp 7",Bronchocela cristatella,f,86.4,275,3.06,8.01,12.81,11.42,23.95,13.48,39.64,28.89,66.74,49,32,5,1,9,9,23,32,12,2,2,0.5,0.5,5
321374,KU,122.0604333,6.992233333,Philippines,Mindanao,Mindanao,"Zamboanga City, Pasonanca Natural Park",Tumaga River,Bronchocela cristatella,f,86.59,306,3.8,7.67,11.44,10.23,24.04,14.71,39.72,29.31,67.97,48,37,5,1,11,11,28,32,11,1,1,0.5,0.5,6
334004,KU,125.0794,8.7216,Philippines,Mindanao,Mindanao,Gingoog City,"Sitio Kibuko-boundary with Barangay Lawaan, Ginoog River,  Mt. Lumot, Camp 4",Bronchocela cristatella,m,86.74,280,2.65,7.77,11.56,11.28,24.61,16.01,42.7,31.03,70.03,52,35,7,1,10,10,25,31,11,2,2,1,0.5,5
336460,KU,125.193051,11.195946,Philippines,Mindanao,Samar,Municipality of Marabut, Barangay Marabut,Bronchocela cristatella,f,86.91,290,2.54,7.75,11.41,9.89,23.36,17.91,46.79,32.59,73.73,43,35,6,1,11,10,29,34,12,3,4,1,1,7
324433,KU,124.12344,9.70551,Philippines,Mindanao,Bohol,"Municipality of Bilar, Raja Sikatuna Natural Park",Barangay Riverside; Magsaysay Park,Bronchocela cristatella,f,87.15,300,3.13,7.33,12.69,11.59,26.34,15.81,41.67,29.26,69.26,48,34,6,1,7,9,24,29,10,2,2,1,1,6
343868,KU,124.7902,10.9808,Philippines,Mindanao,Leyte, Municipality of Burauen,"Barangay Dinaayan, Makaturog River Drainage",Bronchocela sp.,f,87.21,275,2.97,7.83,12.44,10.97,23.45,14.52,39.13,28.97,69.22,56,39,5,1,10,10,27,33,10,1,1,0.5,0.5,6
336461,KU,125.193051,11.195946,Philippines,Mindanao,Samar,Municipality of Marabut, Barangay Marabut,Bronchocela cristatella,m,87.57,295,3.14,7.78,12.3,11.63,24.2,14.99,43.38,30.48,73.65,52,30,6,1,9,11,24,28,10,4,4,1.5,2,5
334008,KU,125.0794,8.7216,Philippines,Mindanao,Mindanao,Gingoog City,"Sitio Kibuko-boundary with Barangay Lawaan, Ginoog River,  Mt. Lumot, Camp 8",Bronchocela cristatella,f,87.88,312,2.86,8.13,12.87,12.04,27.05,15.35,40.26,28.58,67.18,53,32,5,1,8,9,25,30,10,2,2,1,1,6
344138,KU,125.3672,11.2074,Philippines,Mindanao,Samar,Municipality of Balangiga,"Barangay Guinmaayohan, Sitio Bangon, Kaantulan River Drainage",Bronchocela sp.,m,88.41,299,2.98,7.71,12.71,11.29,24.92,15.99,41.98,29.86,70.93,57,31,6,1,10,11,25,31,11,4,4,1,1,6
337253,KU,125.04111,12.05284,Philippines,Mindanao,Samar,Municipality of San Jose de Baun,"Barangay Uno, Mt. Huraw",Bronchocela marmorata,m,88.89,285,3.11,7.91,12.72,11.6,26.58,16.66,47.33,32.03,77.02,44,31,5,1,8,9,27,29,10,4,4,1.5,1.5,5
343878,KU,124.7896,10.9747,Philippines,Mindanao,Leyte, Municipality of Burauen,"Barangay Dinaayan, Makaturog River Drainage",Bronchocela sp.,f,88.91,290,2.82,7.93,13.81,12.27,26.44,16.02,43.56,30.55,70.6,59,29,6,1,9,9,25,29,11,4,4,1.5,1.5,6
343872,KU,124.7896,10.9747,Philippines,Mindanao,Leyte, Municipality of Burauen,"Barangay Dinaayan, Makaturog River Drainage",Bronchocela sp.,f,89.09,cut,3.11,8.14,13.11,11.73,25.25,15.76,42.09,31.7,71.67,52,33,5,1,8,10,27,31,10,4,4,1,1,5
324438,KU,123.897667,9.791874,Philippines,Mindanao,Bohol,"Municipality of Sierra Bullones, Raja Sikatuna Natural Park",Barangay Danicop,Bronchocela cristatella,m,89.42,305,3.17,7.46,13.3,11.64,26.48,17.02,45.46,31.14,73.61,54,32,6,1,10,10,25,29,12,3,3,1,1,5
337254,KU,125.04111,12.05284,Philippines,Mindanao,Samar,Municipality of San Jose de Baun,"Barangay Uno, Mt. Huraw",Bronchocela marmorata,m,90.34,291,3.28,8.6,13.33,11.57,26.72,16.16,43.93,30.41,74.04,50,34,6,1,11,11,25,30,10,4,5,1.5,1.5,6
344139,KU,125.3672,11.2074,Philippines,Mindanao,Samar,Municipality of Balangiga,"Barangay Guinmaayohan, Sitio Bangon, Kaantulan River Drainage",Bronchocela sp.,m,90.6,283,3.08,7.83,13.21,11.3,25.22,15.6,42.26,31.81,74.35,54,33,6,1,10,10,25,30,12,4,4,2,2,5
327282,KU,125.022,6.461,Philippines,Mindanao,Mindanao,Municipality of Tampakan,"Barangay Tablu, Sitio Datal Mangisi",Bronchocela cristatella,f,91.21,305,3.9,8.06,13.48,12.01,26.94,16.07,43.91,32.78,75.2,47,33,5,1,11,12,24,31,11,2,2,1,1,6
343867,KU,124.7902,10.9808,Philippines,Mindanao,Leyte, Municipality of Burauen,"Barangay Dinaayan, Makaturog River Drainage",Bronchocela sp.,m,91.22,293,3.03,8.25,13.58,11.52,25.65,16.24,42.95,30.71,71.98,56,32,5,1,9,10,24,30,11,3,3,1.5,2,5
309860,KU,124.7197,9.178016667,Philippines,Mindanao,Camiguin,Municipality of Mambajao,"Barangay Pandan, sitio Kampana",Bronchocela cristatella,f,93.38,265,3.51,8,13.55,12.53,27.25,14.64,43.41,31.1,69.9,52,32,6,1,10,10,25,30,11,1.5,1,0.5,1,6
336462,KU,125.193051,11.195946,Philippines,Mindanao,Samar,Municipality of Marabut, Barangay Marabut,Bronchocela cristatella,m,93.76,290,3.33,7.99,12.53,11.54,26.57,15.44,44.74,30.33,74.02,60,31,7,1,8,11,24,31,10,3,3,1.5,1.5,7
310805,KU,125.29276,11.80255,Philippines,Mindanao,Samar,Municipality of Taft,Barangay San Rafael,Bronchocela cristatella,m,95.43,cut,3.5,8.11,13.4,12.31,27.4,15.62,42.11,28.9,70.45,52,32,5,1,9,11,27,33,9,5,5,2,2,6
309862,KU,124.70845,9.192516667,Philippines,Mindanao,Camiguin,Municipality of Mambajao,"Barangay Pandan, sitio Pamahawan",Bronchocela cristatella,m,102.26,330,4.05,8.37,17.47,15.18,31.75,17.34,48.34,35.49,82.51,65,32,7,1,9,9,25,33,11,5,5,1,1,6
309170,KU,118.67606,9.82638,Philippines,Palawan,Palawan,Municipality of Puerto Princesa,Barangay Irawan - Irawan Watershed,Bronchocela cristatella,m,74.44,246,2.52,6.85,10.35,9.61,20.61,15.06,40.2,28.12,66.55,60,33,7,1,9,11,25,30,9,1,1,1,1,6
311399,KU,117.6430556,8.813055556,Philippines,Palawan,Palawan,Municipality of Rizal,Mt. Bintangor,Bronchocela cristatella,f,75.74,247,2.53,6.72,11.14,9.84,20.16,12.7,36.4,27.71,65.88,60,35,7,1,8,8,26,33,9,0.5,0.5,1,1,6
309276,KU,118.67606,9.82638,Philippines,Palawan,Palawan,Municipality of Puerto Princesa,Barangay Irawan - Irawan Watershed,Bronchocela cristatella,f,80.01,270,2.98,7.12,11.35,9.85,21.5,15.17,41.39,27.9,66.59,54,36,7,1,10,10,26,31,9,1,1,1,1,5
326252,KU,118.6802,9.8173,Philippines,Palawan,Palawan,Municipality of Puerto Princesa,Barangay Irawan - Sitio Tagaud,Bronchocela cristatella,f,80.87,267,2.66,7.16,11.43,10.47,23.03,15,43.5,28.8,69.12,49,38,8,1,9,9,25,32,10,0.5,0.5,0.5,0.5,5
79111,KU,117.75123,8.76833,Philippines,Palawan,Palawan,Municipality of Brooke's Point,Barangay Amas - Sitio Macagua,Bronchocela cristatella,f,82.04,299,2.59,6.56,11.7,10.96,22.88,17.93,43.99,31.26,71.78,damaged,damaged,damaged,damaged,9,9,25,32,9,1.5,1.5,1.5,1.5,6
327277,KU,117.712,8.7734,Philippines,Palawan,Palawan,Municipality of Brooke's Point,Barangay Samarenana - Sitio Kamantian,Bronchocela cristatella,f,83.56,cut,2.9,7.07,12.15,10.56,23.73,14.66,41.62,30.51,73.24,51,42,6,0,9,9,26,32,9,1,0.5,1,1,5
309406,KU,117.80737,8.86134,Philippines,Palawan,Palawan,Municipality of Brooke's Point,Barangay Mainit - Mainit Falls,Bronchocela cristatella,m,83.81,cut,2.9,7.38,11.28,10.31,22.87,15.05,41.58,31.87,73.18,47,34,5,1,9,10,27,32,9,1,1,1,1.5,6
309400,KU,118.67606,9.82638,Philippines,Palawan,Palawan,Municipality of Puerto Princesa,Barangay Irawan - Irawan Watershed,Bronchocela cristatella,f,84.48,cut,2.88,7.24,12.39,10.59,23.16,14.11,41.48,29.39,68.85,52,32,4,1,10,9,25,31,9,1,1,1,1,6
326253,KU,117.80737,8.86134,Philippines,Palawan,Palawan,Municipality of Brooke's Point,Barangay Mainit - Mainit Falls,Bronchocela cristatella,f,86.29,285,2.93,7.37,12.3,11.26,24.02,14.26,41.19,29.37,71.35,50,36,7,1,9,10,25,30,9,1.5,2,1.5,2,6
309109,KU,118.67606,9.82638,Philippines,Palawan,Palawan,Municipality of Puerto Princesa,Barangay Irawan - Irawan Watershed,Bronchocela cristatella,f,88.61,284,2.78,7.16,12.55,11.17,23.8,16.66,43.91,29.53,71.46,47,36,6,2,9,9,26,34,10,1,1,1.5,0.5,6
327279,KU,118.66894,9.79573,Philippines,Palawan,Palawan,Municipality of Puerto Princesa,Barangay Irawan - Bonton River,Bronchocela cristatella,m,90.05,318,2.74,7.09,13.69,12.23,24.29,16,45.53,34.04,80.36,50,33,6,2,9,10,26,31,9,1.5,1.5,1,1,6
79114,KU,119.19324,10.06949,Philippines,Palawan,Palawan,Municipality of Roxas,Barangay Tinitian,Bronchocela cristatella,m,90.42,305,2.7,7.38,12,12.63,24.52,16.32,45.02,32.39,76.94,43,37,6,2,9,8,23,28,9,1.5,0.5,1.5,0.5,6
309408,KU,117.72581,8.75502,Philippines,Palawan,Palawan,Municipality of Brooke's Point,Barangay Samarinana and Salogon boundary,Bronchocela cristatella,f,90.82,309,2.96,7.05,12.89,11.52,24.97,15.13,43.29,32.91,77.32,46,38,6,1,9,10,23,29,10,1.5,1.5,1.5,1.5,6
309405,KU,117.80737,8.86134,Philippines,Palawan,Palawan,Municipality of Brooke's Point,Barangay Mainit - Mainit Falls,Bronchocela cristatella,f,91.5,300,3.3,8.09,13.05,12.52,27.37,16.61,44.4,29.62,74.39,49,30,6,2,9,9,25,28,9,3,3,1,1,5
311396,KU,117.6430556,8.813055556,Philippines,Palawan,Palawan,Municipality of Rizal,Mt. Bintangor,Bronchocela cristatella,m,92.5,340,2.73,8.03,15.16,12.51,26.76,15.62,45.56,32.42,77.59,49,35,6,2,9,10,29,33,10,1,1,1,1,5
311447,KU,118.6808,9.80384,Philippines,Palawan,Palawan,Municipality of Puerto Princesa,Barangay Irawan,Bronchocela cristatella,m,92.71,340,3.42,7.93,11.92,11.31,25.12,18.65,49.82,35.16,80.23,48,36,7,1,10,10,25,31,10,1,1,1.5,1.5,6
79119,KU,120.1927,12.0778,Philippines,Palawan,Busuanga,Municipality of Coron,Barangay San Nicolas,Bronchocela cristatella,m,93,315,3.13,7.21,13.7,11.4,26.09,17.81,48.75,34.53,81.72,47,37,5,1,9,8,23,31,11,1.5,1.5,1,1,6
309402,KU,118.67606,9.82638,Philippines,Palawan,Palawan,Municipality of Puerto Princesa,Barangay Irawan - Irawan Watershed,Bronchocela cristatella,m,94,cut,2.7,8.07,13.64,12.67,26.41,15.06,45.65,32.53,82.23,51,32,5,1,9,9,26,31,8,2,2,1.5,1.5,6
79118,KU,120.1927,12.0778,Philippines,Palawan,Busuanga,Municipality of Coron,Barangay San Nicolas,Bronchocela cristatella,f,94.28,301,3.05,6.95,12.91,12.22,24.91,13.03,41.83,28.52,72.27,44,36,5,1,10,10,25,28,10,0.5,0.5,1,0.5,6
311391,KU,117.6430556,8.813055556,Philippines,Palawan,Palawan,Municipality of Rizal,Mt. Bintangor,Bronchocela cristatella,f,94.36,320,2.97,7.21,14.34,12.55,26.68,15.96,47.42,33.83,82.81,54,36,7,2,8,9,27,33,10,3,3,2,2,5
311394,KU,117.6430556,8.813055556,Philippines,Palawan,Palawan,Municipality of Rizal,Mt. Bintangor,Bronchocela cristatella,m,94.52,315,2.93,7.81,14.04,12.51,27.14,15.88,46.38,34.05,83.66,57,34,7,2,10,9,26,32,10,1,1,2,1.5,5
309403,KU,118.67606,9.82638,Philippines,Palawan,Palawan,Municipality of Puerto Princesa,Barangay Irawan - Irawan Watershed,Bronchocela cristatella,m,95.94,315,3.68,8.19,16.15,13.24,28.9,16.63,50.27,34.71,81.31,52,33,7,2,9,8,26,30,9,3,3,1.5,1.5,6
311392,KU,117.6430556,8.813055556,Philippines,Palawan,Palawan,Municipality of Rizal,Mt. Bintangor,Bronchocela cristatella,m,95.98,325,2.8,7.77,15.22,12.76,26.53,18.77,50.98,35.3,84.92,58,34,8,2,9,9,28,33,9,3,3,2,2,5
79120,KU,120.1927,12.0778,Philippines,Palawan,Busuanga,Municipality of Coron,Barangay San Nicolas,Bronchocela cristatella,m,96.88,335,2.93,7.23,13.2,11.6,25.38,17.59,48.24,33.69,80.87,49,42,7,1,9,9,27,33,9,1.5,0.5,1.5,1,6
311400,KU,117.6430556,8.813055556,Philippines,Palawan,Palawan,Municipality of Rizal,Mt Magtangor peak/ Mt Matanaki peak,Bronchocela cristatella,f,96.91,330,2.98,7.91,15.22,12.12,27.04,18.1,49.3,35.12,85.17,49,33,8,2,9,10,26,32,10,1.5,1.5,1.5,1,5
311395,KU,117.6430556,8.813055556,Philippines,Palawan,Palawan,Municipality of Rizal,Mt. Bintangor,Bronchocela cristatella,m,97.93,315,3.18,7.31,13.66,12.71,27.41,17.78,49.18,35.42,85.76,50,35,7,2,9,10,27,35,8,3,2,2,1.5,6
79117,KU,120.1927,12.0778,Philippines,Palawan,Busuanga,Municipality of Coron,Barangay San Nicolas,Bronchocela cristatella,m,99.26,cut,3.35,7.23,13.76,11.11,26.66,19.44,53.23,37.11,84.69,56,42,7,1,9,9,28,35,10,1.5,1.5,1.5,1,6
311390,KU,117.6430556,8.813055556,Philippines,Palawan,Palawan,Municipality of Rizal,Mt. Bintangor,Bronchocela cristatella,f,99.35,320,3.38,8.09,16.4,13.25,28.37,16.41,47.1,33,78.76,53,32,7,2,9,8,26,31,9,2,2,1.5,2,6
311397,KU,117.6430556,8.813055556,Philippines,Palawan,Palawan,Municipality of Rizal,Mt. Bintangor,Bronchocela cristatella,f,102.64,cut,3.62,8.12,17.05,13.67,30.66,17.96,49.24,36.86,87.94,55,32,7,2,10,11,29,34,8,1,2,2,2,5
79113,KU,119.19324,10.06949,Philippines,Palawan,Palawan,Municipality of Roxas,Barangay Tinitian,Bronchocela cristatella,m,103.02,354,3.5,8.37,14.3,13.76,28.47,18.63,52.24,33.77,88.34,48,36,6,2,10,9,25,29,9,2,2,2,2,6
79112,KU,119.19324,10.06949,Philippines,Palawan,Palawan,Municipality of Roxas,Barangay Tinitian,Bronchocela cristatella,m,103.6,365,3.43,7.88,14.44,12.35,28.2,18.38,51.31,36.13,92.8,47,36,5,2,9,9,25,30,11,3,3,2,2,6
311393,KU,117.6430556,8.813055556,Philippines,Palawan,Palawan,Municipality of Rizal,Mt. Bintangor,Bronchocela cristatella,m,104.35,350,3.56,8.37,16.34,13.56,28.99,18.12,50.06,36.26,86.03,59,35,7,2,8,8,29,36,10,2,2,2,2,6
79110,KU,117.75123,8.76833,Philippines,Palawan,Palawan,Municipality of Brooke's Point,Barangay Amas - Sitio Macagua,Bronchocela cristatella,m,105.17,350,3.23,8.27,16.21,13.83,31.79,18.26,52.3,36.01,84,57,32,7,1,10,11,25,32,10,4,4,2,2,6
79116,KU,119.19519,10.05937,Philippines,Palawan,Palawan,Municipality of Roxas,Barangay Tinitian,Bronchocela cristatella,m,106.74,357,3,8.08,16.05,13.74,30.32,18.97,51.33,36.48,87.2,48,34,7,1,9,9,25,31,10,1.5,1.5,2,2,6
79115,KU,119.19519,10.05937,Philippines,Palawan,Palawan,Municipality of Roxas,Barangay Tinitian,Bronchocela cristatella,m,106.99,305,3.44,8.23,17.69,13.64,30.37,18.72,50.93,35.63,87.93,53,34,6,1,10,8,25,31,10,1.5,1.5,1.5,1.5,6
309407,KU,117.80737,8.86134,Philippines,Palawan,Palawan,Municipality of Brooke's Point,Barangay Mainit - Mainit Falls,Bronchocela cristatella,m,109.35,365,3.6,8.77,15.38,13.2,30,18.71,49.58,33.64,87.5,50,36,5,2,9,9,29,35,8,3,3,3,2,5
327278,KU,117.712,8.7734,Philippines,Palawan,Palawan,Municipality of Brooke's Point,Barangay Samarenana - Sitio Kamantian,Bronchocela cristatella,m,110.29,390,3.79,8.06,18.42,13.04,32.57,18.41,59.19,37.49,93.29,56,33,7,2,8,8,28,35,9,1,2,2,2,6
309409,KU,117.72581,8.75502,Philippines,Palawan,Palawan,Municipality of Brooke's Point,Barangay Samarinana and Salogon boundary,Bronchocela cristatella,m,111.87,360,3.57,8.46,17.43,13.7,30.37,18.67,56.35,31.43,90.87,51,34,6,2,8,8,24,28,8,2,2,2,2,5
306303,KU,120.8995833,12.81905556,Philippines,Mindoro,Mindoro,Municipality of Sablayan,Barangay Batong Buhay,Bronchocela sp.,f,74.93,248,2.08,5.55,9.8,9.4,20.29,14.35,39.11,28.13,65.5,43,34,7,1,9,10,30,37,12,1,1,0.5,0.5,6
336053,KU,120.8975,12.8191667,Philippines,Mindoro,Mindoro,Municipality of Sablayan,"Malisbong, Lake Libuao",Bronchocela cristatella,f,75.89,261,2.28,6.09,9.97,8.99,20.63,14.32,37.48,26.09,61.11,48,38,7,1,12,13,29,35,11,0.5,0.5,0.5,0.5,5
336047,KU,120.8975,12.8191667,Philippines,Mindoro,Mindoro,Municipality of Sablayan,"Malisbong, Lake Libuao",Bronchocela cristatella,m,79.71,290,2.27,6.99,11.23,10.06,22.36,15.28,40.63,27.88,65.56,56,38,7,1,9,11,30,32,11,0.5,0.5,0.5,0.5,7
336051,KU,120.8975,12.8191667,Philippines,Mindoro,Mindoro,Municipality of Sablayan,"Malisbong, Lake Libuao",Bronchocela cristatella,m,79.96,290,2.02,6.82,11.04,9.81,22.83,15.89,42.53,31.19,70.92,50,38,7,1,9,12,30,35,9,1,0.5,0.5,0.5,6
327283,KU,120.958889,13.4875,Philippines,Mindoro,Mindoro,Municipality of Puerto Galera,"Barangay San Teodoro, Tamaraw Falls",Bronchocela cristatella,m,81.46,289,2.83,7.43,13.31,11.25,25.17,14.11,38.44,27.13,65.19,48,33,6,1,8,10,27,31,9,1,1,1,0.5,6
303771,KU,121.4141,12.7354333,Philippines,Mindoro,Mindoro,Municipality of Bongabong,Barangay Carmundo,Bronchocela cristatella,f,82.11,300,2.25,6.61,11.63,10.02,23.01,16.19,43.94,28.97,67.43,46,35,6,1,9,11,30,33,9,0.5,0.5,0.5,0.5,8
336056,KU,120.8975,12.8191667,Philippines,Mindoro,Mindoro,Municipality of Sablayan,"Malisbong, Lake Libuao",Bronchocela cristatella,m,83.53,296,2.83,6.62,13.03,11.4,23.86,15.79,40.29,29.3,67.51,47,34,7,1,10,11,28,34,10,1.5,1.5,1,1,7
302489,KU,121.21475,13.1562333,Philippines,Mindoro,Mindoro,Municipality of Victoria,Barangay Loyal,Bronchocela cristatella,f,83.54,290,2.95,6.95,11.16,10.09,23.41,15.01,42.4,28.21,65.54,55,43,7,1,9,10,27,32,9,1,1,0.5,0.5,6
336048,KU,120.8975,12.8191667,Philippines,Mindoro,Mindoro,Municipality of Sablayan,"Malisbong, Lake Libuao",Bronchocela cristatella,f,84.38,295,2.43,6.9,11.9,10.48,24.48,15.09,41.92,29.48,68.25,50,35,7,1,8,10,29,32,9,1,1,0.5,0.5,7
305870,KU,120.8995833,12.81905556,Philippines,Mindoro,Mindoro,Municipality of Sablayan,Barangay Batong Buhay,Bronchocela cristatella,m,85.04,313,2.17,7.13,12.13,10.16,25.18,16.07,42.55,29.67,68.93,48,39,7,1,8,10,31,36,11,2,2,1,1,6
336046,KU,120.916111,12.7877778,Philippines,Mindoro,Mindoro,Municipality of Sablayan,"Malisbong, Sitio Aruyan",Bronchocela cristatella,m,85.09,307,2.61,7.09,12.14,11.02,25.88,16.48,45.71,31.87,76.19,49,35,7,1,11,13,29,32,11,0.5,1,0.5,0.5,7
302488,KU,121.382383,12.96505,Philippines,Mindoro,Mindoro,Municipality of Gloria,Barangay Malamig,Bronchocela cristatella,m,85.29,230,2.88,7.81,12.84,10.91,25.63,14.95,41.48,29.59,70.73,57,40,7,1,10,13,31,38,13,1.5,1.5,1,1,6
336054,KU,120.8975,12.8191667,Philippines,Mindoro,Mindoro,Municipality of Sablayan,"Malisbong, Lake Libuao",Bronchocela cristatella,f,85.38,339,2.94,6.92,11.91,10.52,24.36,16.18,43.1,29.89,69.36,52,44,6,1,11,12,30,34,12,1,0.5,0.5,0.5,8
302487,KU,121.4141,12.7354333,Philippines,Mindoro,Mindoro, Municipality of Bongabong,Barangay Carmundo,Bronchocela cristatella,m,85.83,302,2.71,7.36,12.79,11.04,26.41,16,43.87,29.55,71.3,50,39,7,1,9,9,26,32,8,1,1,1,1,7
327284,KU,120.958889,13.4875,Philippines,Mindoro,Mindoro,Municipality of Puerto Galera,"Barangay San Teodoro, Tamaraw Falls",Bronchocela cristatella,m,86.52,310,2.74,damaged,damaged,damaged,26.75,16.61,42.89,30.95,71.09,,,,,damaged,damaged,28,33,10,0,0,0,0,damaged
336049,KU,120.8975,12.8191667,Philippines,Mindoro,Mindoro,Municipality of Sablayan,"Malisbong, Lake Libuao",Bronchocela cristatella,f,86.71,285,2.66,6.82,11.25,9.7,23.73,15.01,42.3,28.5,69.63,44,38,7,1,8,10,29,33,9,0.5,0.5,0.5,0.5,6
336055,KU,120.8975,12.8191667,Philippines,Mindoro,Mindoro,Municipality of Sablayan,"Malisbong, Lake Libuao",Bronchocela cristatella,m,86.86,315,2.6,7.1,11.91,11.41,24.27,16.51,42.83,31.24,73.04,45,40,7,1,8,10,28,35,10,2,2,0.5,0.5,6
327285,KU,120.958889,13.4875,Philippines,Mindoro,Mindoro,Municipality of Puerto Galera,"Barangay San Teodoro, Tamaraw Falls",Bronchocela cristatella,m,92.74,347,2.81,7.23,14.4,12.69,27.34,18.15,43.43,33.62,76.31,57,39,6,1,9,10,29,37,8,1.5,1.5,1,1,7
320286,KU,120.16393,13.79995,Philippines,Lubang,Lubang,Municipality of Lubang,"Barangay Vigo, Sitio Dangay",Bronchocela cristatella,f,99.86,339,3.16,8.36,13.66,12.28,27.62,21.67,54.05,37.82,87.77,45,38,4,0,10,11,31,35,12,3,3,1.5,1,7
320285,KU,120.16393,13.79995,Philippines,Lubang,Lubang,Municipality of Lubang,"Barangay Vigo, Sitio Dangay",Bronchocela cristatella,f,100.28,319,3.09,8.09,13.86,11.37,27.44,20.08,52.05,35.68,86.49,43,38,4,0,9,10,27,31,10,2,2,1,1,8
320287,KU,120.16393,13.79995,Philippines,Lubang,Lubang,Municipality of Lubang,"Barangay Vigo, Sitio Dangay",Bronchocela cristatella,f,102.25,342,3.23,8.58,14.11,11.67,27.95,20.6,51.67,36.04,83.31,46,38,4,0,8,12,29,31,10,3,3,1,1,8
320288,KU,120.16393,13.79995,Philippines,Lubang,Lubang,Municipality of Lubang,"Barangay Vigo, Sitio Dangay",Bronchocela cristatella,f,104.96,349,3.32,8.33,12.33,12.27,28.32,22.28,54.88,36.21,87.13,45,36,4,0,9,9,30,34,10,3,3,1.5,2,7
4862,UPLBMNH,122.544444,12.454722,Philippines,Romblon,Sibuyan, Municipality of Magdiwang,"Barangay Tampayan, Mt. Guiting-guiting National Park",Bronchocela marmorata,f,84.8,304,2.52,6.85,11.44,10.29,22.27,18.37,45.8,31.59,73.39,55,36,5,1,10,10,30,35,10,1.5,1.5,1,1,6
4855,UPLBMNH,122.544444,12.454722,Philippines,Romblon,Sibuyan, Municipality of Magdiwang,"Barangay Tampayan, Mt. Guiting-guiting National Park",Bronchocela marmorata,f,89.26,302,2.3,6.63,11.58,10.69,23.12,17.45,46.1,31.31,75.6,48,35,8,1,10,10,30,36,13,1,1,0.5,0.5,6
4865,UPLBMNH,122.550278,12.481389,Philippines,Romblon,Sibuyan, Municipality of Magdiwang,"Barangay Jao-asan, Mt. Guiting-guiting National Park",Bronchocela marmorata,f,89.5,315,2.63,7.72,12.57,10.74,23.71,17.5,47.03,32.32,78.29,49,37,5,1,10,11,25,31,9,2,2,1,1,6
4856,UPLBMNH,122.550278,12.481389,Philippines,Romblon,Sibuyan, Municipality of Magdiwang,"Barangay Tampayan, Mt. Guiting-guiting National Park",Bronchocela marmorata,f,90.22,301,2.55,7.32,13.33,11.73,25.1,17.88,49.25,32.03,75.96,55,37,7,1,10,10,29,35,12,2,2,0.5,1,7
4857,UPLBMNH,122.550278,12.481389,Philippines,Romblon,Sibuyan, Municipality of Magdiwang,"Barangay Tampayan, Mt. Guiting-guiting National Park",Bronchocela marmorata,f,91.18,290,2.01,6.28,12.38,11.38,24.14,18.23,48.23,32.38,78.79,54,37,5,1,10,9,28,33,11,1.5,1.5,1,1,7
4863,UPLBMNH,122.550278,12.481389,Philippines,Romblon,Sibuyan, Municipality of Magdiwang,"Barangay Jao-asan, Mt. Guiting-guiting National Park",Bronchocela marmorata,f,93.39,339,2.82,7.18,11.88,10.47,24.42,20.29,51.5,35.65,83,63,34,5,1,9,10,27,33,12,1.5,1,2,1,6
4864,UPLBMNH,122.550278,12.481389,Philippines,Romblon,Sibuyan, Municipality of Magdiwang,"Barangay Jao-asan, Mt. Guiting-guiting National Park",Bronchocela marmorata,f,95.48,cut,2.61,7.99,13.3,11.54,26.03,15.92,46,32.93,81.33,58,41,8,1,9,11,29,34,12,3,3,1.5,1.5,6
315337,KU,122.026889,12.3725,Philippines,Romblon,Tabkas,Municipality of Odiongan,"Barangay Hinagoman, Durubiutana",Bronchocela cristatella,f,96.94,313,3.49,8.46,13.19,10.94,25.24,18.27,48.15,30.76,75.53,47,34,6,1,11,11,30,33,11,2,1.5,1,1,7
4860,UPLBMNH,122.544444,12.454722,Philippines,Romblon,Sibuyan, Municipality of Magdiwang,"Barangay Tampayan, Mt. Guiting-guiting National Park",Bronchocela marmorata,f,97.16,316,2.78,7.6,13.17,11.91,26.36,18.29,50.32,32.32,80.79,53,35,5,1,9,10,26,33,11,1.5,1.5,1,1,7
4858,UPLBMNH,122.550278,12.481389,Philippines,Romblon,Sibuyan, Municipality of Magdiwang,"Barangay Tampayan, Mt. Guiting-guiting National Park",Bronchocela marmorata,f,97.22,cut,2.36,7.66,14.01,11.78,27.15,19.6,50.71,36.08,85.44,55,43,7,1,11,11,27,34,9,3,3,1.5,1.5,6
4861,UPLBMNH,122.550278,12.481389,Philippines,Romblon,Sibuyan, Municipality of Magdiwang,"Barangay Tampayan, Mt. Guiting-guiting National Park",Bronchocela marmorata,f,101.91,334,2.81,8.62,15.29,12.89,30.2,19.24,52.12,36.22,85.66,58,38,6,1,10,11,29,35,11,4,4,1,1.5,7
4859,UPLBMNH,122.550278,12.481389,Philippines,Romblon,Sibuyan, Municipality of Magdiwang,"Barangay Tampayan, Mt. Guiting-guiting National Park",Bronchocela marmorata,f,102.53,cut,3.27,7.53,14.83,13.05,28.04,17.8,48.73,36.2,83.89,53,31,6,1,11,11,28,34,12,3,3,1.5,1.5,6
77138,USNM,122.548394,10.724181,Philippines,West Visayas,Panay,Iloilo,Iloilo City,Bronchocela marmorata,f,75.87,274,2.29,6.84,9.75,8.89,18.87,15.12,40.93,29.91,68.46,53,44,4,1,9,11,29,34,12,0.5,0.5,0.5,0.5,6
77137,USNM,122.548394,10.724181,Philippines,West Visayas,Panay,Iloilo,Iloilo City,Bronchocela marmorata,f,80.37,288,2.56,6.56,9.37,8.55,19.88,16.02,42.28,29.18,68.77,52,43,4,1,9,11,31,34,12,0.5,0.5,0.5,0.5,7
324431,KU,123.18777,10.67599,Philippines,West Visayas,Negros,City of Silay,"Barangay Patag, Mt. Bungol",Bronchocela cristatella,f,85.84,cut,2.18,6.8,11.47,10.03,22.53,19.12,47.53,33.08,75.08,46,34,5,1,9,8,27,34,9,1,1,0.5,0.5,6
599,PNM,,,Philippines,West Visayas,Panay,,,Bronchocela cristatella,f,88.17,272.62,2.54,8.11,12.68,10.61,24.12,18.52,46.72,30.11,79.27,48,41,4,1,9,10,29,36,11,1.5,1.5,1,1,6
77134,USNM,122.548394,10.724181,Philippines,West Visayas,Panay,Iloilo,Iloilo City,Bronchocela marmorata,f,90,308,2.74,7.1,11.14,10.82,22.19,18.38,49.8,33.57,79.9,45,43,5,1,11,11,25,32,11,1,1,0.5,0.5,5
77136,USNM,122.548394,10.724181,Philippines,West Visayas,Panay,Iloilo,Iloilo City,Bronchocela marmorata,f,91.04,341,2.89,7.84,11.98,11.42,23.6,19.4,51.89,33.32,77.74,46,43,4,1,10,10,26,36,12,1.5,1.5,1,1,6
77135,USNM,122.548394,10.724181,Philippines,West Visayas,Panay,Iloilo,Iloilo City,Bronchocela marmorata,f,96.82,360,3.68,8.37,13.62,13.08,28.11,20.37,54.77,35.65,86.99,51,36,4,1,9,9,26,32,10,2,2,1.4,1.4,6
78107,USNM,122.548394,10.724181,Philippines,West Visayas,Panay,Iloilo,Iloilo City,Bronchocela marmorata,f,97.87,330,3.04,7.84,11.81,10.92,23.89,19.4,50.66,34.53,83.7,44,36,4,1,9,9,26,31,10,1.5,1.5,1.2,1.2,7
600,PNM,,,Philippines,West Visayas,Panay,,,Bronchocela cristatella,f,98.1,306.71,3.33,7.01,13.16,13.29,27.69,18.57,51.04,36.05,86.77,50,37,6,1,9,9,29,36,8,1.5,1.6,1.2,1.2,5
78105,USNM,122.548394,10.724181,Philippines,West Visayas,Panay,Iloilo,Iloilo City,Bronchocela marmorata,m,100.8,239(cut),3.77,8.6,13.86,12.42,27.19,20.58,54.12,36.37,89.66,48,42,4,1,10,9,26,33,11,2,2,1.5,1.2,7
78106,USNM,122.548394,10.724181,Philippines,West Visayas,Panay,Iloilo,Iloilo City,Bronchocela marmorata,m,103.97,342,3.3,8.22,13.81,12.2,27.67,19.86,54.94,35.27,84.01,54,34,4,1,11,10,27,34,9,4,4,1.5,1.5,6
324432,KU,123.18777,10.67599,Philippines,West Visayas,Negros,City of Silay,"Barangay Patag, Mt. Bungol",Bronchocela cristatella,f,104.13,361,3.01,7.74,14.02,12.18,27.66,18.94,50.1,35.11,81.49,48,38,4,1,10,9,25,31,12,3,3,1.5,1.5,6
77133,USNM,122.548394,10.724181,Philippines,West Visayas,Panay,Iloilo,Iloilo City,Bronchocela marmorata,m,104.46,372,3.47,6.74,13.26,13.19,25.68,18.78,53.05,35.23,87.71,50,43,3,1,11,10,26,31,10,1.5,1.5,1.3,1.3,6
306862,KU,122.171,10.83,Philippines,West Visayas,Panay,Municipality of San Remigio,Barangay Aningalan,Bronchocela cristatella,m,106.07,302,3.02,8.63,14.18,12.43,28.7,19.85,52.81,36.57,87.09,50,38,4,1,11,12,24,31,9,3,3,1.5,1.5,6
155760,KU,,,Malaysia,Borneo,Borneo,Sarawak,,Bronchocela cristatella,f,71.89,247,1.9,6.77,10.16,8.76,19.29,14.74,40.16,27.35,68.5,75,34,6,1,10,9,22,27,9,0.5,0.5,1,1,6
246201,FMNH,117.833333,5.2,Malaysia,Borneo,Borneo,Sabah,"Lahad Datu, Danum Valley Field Center, East trail",Bronchocela cristatella,f,80.17,277,2.59,7.17,10.82,10.11,21.95,16.67,46.43,31.76,77.82,48,34,5,1,8,9,28,32,11,0.5,0.5,0.5,0.5,5
246200,FMNH,117.833333,5.2,Malaysia,Borneo,Borneo,Sabah,"Lahad Datu, Danum Valley Field Center, East trail",Bronchocela cristatella,m,83.55,284,2.24,6.6,12.65,10.77,20.85,14.8,39.73,33.27,75.52,60,36,6,1,11,10,26,32,11,1,1,1,1,5
76276,FMNH,117.55,5.283333,Malaysia,Borneo,Borneo,"North Borneo, East Coast Residency","Kinabatangan, Deramakot Camp",Bronchocela cristatella,f,84.78,268,2.27,8.14,11.99,11.3,22.97,17.07,47.2,31.12,75.9,62,34,5,2,10,10,25,35,12,1.5,0.5,1,0.5,5
246199,FMNH,117.833333,5.2,Malaysia,Borneo,Borneo,Sabah,"Lahad Datu, Danum Valley Field Center, East trail",Bronchocela cristatella,f,87.07,290,2.34,7.04,11.39,9.36,22.26,16.65,44.19,31.95,77.71,57,35,7,1,9,9,27,33,11,1.2,1.2,1,1,5
217442,FMNH,117.8,4.966667,Malaysia,Borneo,Borneo,"Sabah, Tawau Residency",Ulu Segama,Bronchocela cristatella,m,90.37,300,3.08,8.37,13.54,12.42,24.71,17.65,48.78,31.63,75.07,41,31,4,1,11,11,28,29,11,3.3,3,1.5,1.5,4
51684,USNM,,,Malaysia,Borneo,Borneo,Tebonen,,Bronchocela cristatella,f,92.99,340,2.6,8.73,13.28,12.44,25.64,17.58,49.06,34.92,84.48,64,35,9,1,8,9,25,32,10,1,1,1,1,6
246202,FMNH,117.833333,5.2,Malaysia,Borneo,Borneo,Sabah,"Lahad Datu, Danum Valley Field Center, East trail",Bronchocela cristatella,m,93.4,310,3.06,8.32,12.8,11.21,24.39,19.12,49.22,34.8,82.15,59,37,8,1,10,11,31,34,11,1.5,1.5,1.5,1.5,6
63729,FMNH,118.589582,5.591648,Malaysia,Borneo,Borneo,"North Borneo, East Coast Residency","Kinabatangan, Big Kretam River, 8 miles from mouth",Bronchocela cristatella,f,94.03,313,2.98,7.95,12.53,12.3,25.14,19.04,52.14,36.26,84.69,61,38,7,1,10,10,27,33,10,1.5,1.5,1.5,1.5,6
130226,USNM,116.534,5.9835,Malaysia,Borneo,Borneo,Sabah,"Mount Kinabalu, Bundu Tuhan",Bronchocela cristatella,f,95.23,329,3.04,8,13.09,11.68,27.12,20.36,54.25,35.38,82.55,51,28,4,1,10,11,33,33,10,2.5,2.5,1.5,1.5,6
76279,FMNH,117.5,4.416667,Malaysia,Borneo,Borneo,"North Borneo, Tawau Residency","Kalabkan, Sungei Marikut",Bronchocela cristatella,f,98.32,326,3.61,8.51,14.41,12.94,27.68,16.95,53.68,39.28,94.23,64,32,7,2,10,9,25,29,12,1.5,1.5,1.5,2,5
63730,FMNH,118.566667,5.533333,Malaysia,Borneo,Borneo,"North Borneo, East Coast Residency","Kinabatangan, SE end of Dewhurst Bay",Bronchocela cristatella,f,98.79,273 (cut),3.04,8.99,13.87,12.69,25.45,17.7,47.47,35.19,85.74,65,40,6,2,12,11,28,34,11,1.5,2,1.2,1.5,6
63733,FMNH,118.066667,5.583333,Malaysia,Borneo,Borneo,"North Borneo, East Coast Residency","Sandakan, Sapagaya Forest Reserve",Bronchocela cristatella,f,98.91,340,3.14,8.37,14.63,12.73,27.36,19.81,53.54,37.03,89.31,61,34,6,1,11,11,27,33,13,1.5,1.5,1.5,1.5,6
63725,FMNH,118.566667,5.533333,Malaysia,Borneo,Borneo,"North Borneo, East Coast Residency","Kinabatangan, SE end of Dewhurst Bay",Bronchocela cristatella,f,100.91,290,3.14,8.44,13.98,13.48,28.07,18.75,51.1,37.53,91.98,67,36,7,2,9,10,26,33,11,1.5,1.5,1.5,1.5,6
63731,FMNH,118.566667,5.533333,Malaysia,Borneo,Borneo,Kinabatangan,"Kinabatangan, SE end of Dewhurst Bay",Bronchocela cristatella,m,102.65,344,3.52,8.44,13.98,12.87,26.65,16.62,48.59,34.82,86.24,71,35,7,2,10,11,25,32,12,1.5,1.5,1.5,1.5,6
239337,FMNH,116.7,6.05,Malaysia,Borneo,Borneo,Sabah,"Ranau, Poring, Langanan",Bronchocela cristatella,m,103.65,320,3.17,8.62,14.79,12.56,26.27,18.36,51.34,33.62,84.49,57,36,6,2,9,10,28,33,12,2,2,1.2,1.2,6
217444,FMNH,118.072972,5.530189,Malaysia,Borneo,Borneo,"Sabah, Sandakan Residency",Gomantong,Bronchocela cristatella,m,103.9,343,3.79,9.37,14.79,14.73,29.72,19.77,53.57,36.97,90.48,65,30,6,2,8,9,26,32,9,3,3,3,3,6
63724,FMNH,118.566667,5.533333,Malaysia,Borneo,Borneo,"North Borneo, East Coast Residency","East Coast Residenct, SE end of Dewhurst Bay",Bronchocela cristatella,f,104.1,356,3.38,9.02,14.56,13.25,27.45,19.62,57.42,38.16,93.7,71,37,9,1,10,11,24,30,10,2.5,2.5,2,2,6
63735,FMNH,118.066667,5.583333,Malaysia,Borneo,Borneo,"North Borneo, East Coast Residency","Sandakan, Sapagaya Forest Reserve",Bronchocela cristatella,f,104.53,371,3.71,9.5,15.47,14.14,28.75,19.82,52.94,35.62,89,61,34,7,2,12,11,26,27,9,2,2,1.5,1.5,5
51685,USNM,,,Indonesia,Borneo,Borneo,Taham,,Bronchocela cristatella,m,106.37,349,3.15,9.86,15.72,13.29,29.4,20.18,55.62,35.55,87.72,55,33,6,2,9,9,24,28,12,2.5,2.5,2.5,2.5,5
76280,FMNH,117.5,4.416667,Malaysia,Borneo,Borneo,"North Borneo, Tawau Residency","Kalabkan, Sungei Marikut",Bronchocela cristatella,m,106.94,355,3.95,9.52,15,13.73,28.46,19.08,55.74,38.26,93.28,70,32,8,1,11,12,27,33,10,2,2,2,2,5
63732,FMNH,118.066667,5.583333,Malaysia,Borneo,Borneo,"North Borneo, East Coast Residency","Sandakan, Sapagaya Forest Reserve",Bronchocela cristatella,f,108.03,368,3.14,8.82,14.11,13.03,28.57,20.26,55.05,39.78,95.42,63,37,5,2,11,10,28,31,13,1.5,1.5,1.5,1.5,6
18138,KU (RMB Field No.),114.2406,-8.1045,Indonesia,Java,Java,Bali,"Kecamatan licin, Desa Tamansari, Mt. Ijen",Bronchocela cristatella,f,95.76,332,2.22,7.7,14.43,11.57,25.43,15.95,47.01,33.33,80.07,48,51,5,1,9,11,25,31,10,1,1,1,1,6
18356,KU (RMB Field No.),109.26468,-7.28169,Indonesia,Java,Java,Serang,"Kecamatan Kutabawa, Desa Serang",Bronchocela cristatella,m,86.36,289,2.53,7.83,13.92,11.36,25.06,16,45.61,29.73,72.36,51,49,6,1,9,9,29,32,11,1.5,1,1,1,5
215799,USNM,127.937821,0.970542,Indonesia,Moluccas,Halmahera,East Halmahera Regency,"Kampung Loleba, Wasile District",Bronchocela cristatella,f,70.2,cut,1.96,6.19,9.48,8.57,18.69,15.33,39.2,27.22,62.79,47,35,5,1,9,9,26,33,11,1,1,1,1,5
215798,USNM,127.937821,0.970542,Indonesia,Moluccas,Halmahera,East Halmahera Regency,"Kampung Loleba, Wasile District",Bronchocela cristatella,f,72.79,cut,2.51,6.78,10.96,8.69,18.79,14.31,38.68,28.33,66.82,48,34,5,1,7,7,28,36,12,0.5,0.5,0.3,0.3,6
215797,USNM,127.937821,0.970542,Indonesia,Moluccas,Halmahera,East Halmahera Regency,"Kampung Loleba, Wasile District",Bronchocela cristatella,f,72.82,cut,2.22,7.19,10.66,9.07,20.68,14.16,37.69,28.83,69.66,46,31,5,1,7,8,27,27,10,1.5,1.5,1,1,5
215790,USNM,127.68,0.88,Indonesia,Moluccas,Halmahera,West Halmahera Regency,"Kampung Pasir Putih, Jailolo District",Bronchocela cristatella,f,73.7,cut,2.87,6.89,9.52,10.09,20.59,14.78,40.66,28.62,67.3,53,35,6,1,8,9,27,37,13,0.3,0.3,0.3,0.3,5
159947,USNM,128.321303,2.040172,Indonesia,Moluccas,Morotai,Morotai Island Regency,Wama-Pitoe area,Bronchocela cristatella,f,73.89,251,2.59,7.28,10.98,10.5,21.16,14.17,40.21,28.03,65.41,54,29,5,1,8,8,28,31,11,0.5,0.5,0.5,0.5,6
159942,USNM,128.321303,2.040172,Indonesia,Moluccas,Morotai,Morotai Island Regency,Wama-Pitoe area,Bronchocela cristatella,f,78.28,255,2.95,7.24,11.19,9.67,21.73,15.94,41.23,29.52,69.24,53,35,6,1,8,8,28,33,12,1,1,0.5,0.5,6
237434,USNM,127.68,0.88,Indonesia,Moluccas,Halmahera,West Halmahera Regency,"Kampung Pasir Putih, Jailolo District",Bronchocela cristatella,f,78.54,275,2.96,7.15,12.24,9.99,24.5,14.9,40.97,28.53,66.2,55,34,6,1,8,10,27,35,15,1.2,1.2,1,1,6
237432,USNM,127.68,0.88,Indonesia,Moluccas,Halmahera,West Halmahera Regency,"Kampung Pasir Putih, Jailolo District",Bronchocela cristatella,f,78.76,cut,2.86,7.2,11.38,9.7,22.26,13.74,38.87,26.92,65.34,47,35,5,1,7,8,26,33,11,1.5,1.5,0.5,0.5,6
159941,USNM,128.321303,2.040172,Indonesia,Moluccas,Morotai,Morotai Island Regency,Wama-Pitoe area,Bronchocela cristatella,f,78.98,180(cut),2.75,6.76,10.51,9.54,20.06,14.66,39.13,27.61,66.41,50,35,6,1,8,10,29,36,14,0.3,0.3,0.2,0.2,6
159945,USNM,128.321303,2.040172,Indonesia,Moluccas,Morotai,Morotai Island Regency,Wama-Pitoe area,Bronchocela cristatella,f,79.29,159(regen),2.47,7.29,10.59,9.73,21.7,15.46,40.49,28.02,66.42,50,28,6,1,9,9,24,32,12,1,1,0.5,0.5,6
42349,FMNH,,,Indonesia,Moluccas,Morotai,"Morotai, ID",,Bronchocela cristatella,f,79.49,266,2.6,6.66,10.16,10.06,21,15.2,43.14,28.01,68.74,57,34,6,2,8,10,29,35,14,1.5,1,0.5,0.3,6
215789,USNM,127.68,0.88,Indonesia,Moluccas,Halmahera,West Halmahera Regency,"Kampung Pasir Putih, Jailolo District",Bronchocela cristatella,f,80.15,179(cut),2.59,7.57,10.94,11.01,21.82,13.6,37.61,25.67,62.76,46,37,6,1,8,11,27,35,0,0,0,0,0,6
215802,USNM,127.98,1.07,Indonesia,Moluccas,Halmahera,East Halmahera Regency,"Kampung Wasile, Wasile District",Bronchocela cristatella,f,80.54,270,3,7.44,12.25,10.41,23.53,13.9,39.26,27.52,67.17,48,35,6,1,9,11,26,33,11,3,2.5,0.5,0.5,5
215795,USNM,127.937821,0.970542,Indonesia,Moluccas,Halmahera,East Halmahera Regency,"Kampung Loleba, Wasile District",Bronchocela cristatella,f,81.1,284,3,7.53,11.46,9.98,23.03,14.82,42.85,30.59,74.19,46,33,5,1,7,8,26,36,10,2,2,0.5,0.5,5
215793,USNM,127.937821,0.970542,Indonesia,Moluccas,Halmahera,East Halmahera Regency,"Kampung Loleba, Wasile District",Bronchocela cristatella,f,81.67,280,3.07,7.01,12.11,11.11,24.05,15.48,39.01,30.16,71.98,47,29,4,2,8,9,27,34,11,2,2,0.5,0.5,6
215794,USNM,127.937821,0.970542,Indonesia,Moluccas,Halmahera,East Halmahera Regency,"Kampung Loleba, Wasile District",Bronchocela cristatella,f,82.22,262,2.89,7.06,11.63,11.38,23.49,16.1,42.92,28.24,67.56,46,37,6,1,8,7,24,35,12,1.5,2,1,1,6
215796,USNM,127.937821,0.970542,Indonesia,Moluccas,Halmahera,East Halmahera Regency,"Kampung Loleba, Wasile District",Bronchocela cristatella,f,82.71,247(cut tip),2.99,7.78,11.96,10.34,22.59,14.87,41.68,28.9,70.57,47,34,5,1,9,8,25,35,11,1,1,0.5,0.5,7
292208,USNM,127.98,1.07,Indonesia,Moluccas,Halmahera,East Halmahera Regency,"Kampung Wasile, Wasile District",Bronchocela cristatella,f,83.29,cut,3.16,7.05,11.95,11.75,23.4,13.79,38.58,28.92,75.29,51,35,6,1,9,9,27,35,11,2,2,1,1,7
237430,USNM,127.68,0.88,Indonesia,Moluccas,Halmahera,West Halmahera Regency,"Kampung Pasir Putih, Jailolo District",Bronchocela cristatella,f,83.89,cut,2.97,7.47,11.98,10.45,22.69,15.86,43.8,28.79,71.51,50,34,6,1,8,10,25,35,10,1,1,0.5,0.5,6
42348,FMNH,,,Indonesia,Moluccas,Morotai,"Morotai, ID",,Bronchocela cristatella,m,84.8,286,3.35,7.65,12.11,10.88,24.72,14.52,40.66,29.61,73,51,35,7,1,9,10,28,33,13,1.5,0.5,1.5,0.5,6
237663,USNM,128.000666,1.726286,Indonesia,Moluccas,Halmahera,North Halmahera Regency,"Walaloi, Tobelo",Bronchocela cristatella,f,84.84,cut,3.21,7.93,11.97,10.9,24.73,16.57,46.47,33.68,77.95,50,39,6,1,8,9,26,36,17,1,1,0.5,0.5,6
215803,USNM,127.98549,1.38118,Indonesia,Moluccas,Halmahera,North Halmahera Regency,"Kampung Pediwang, Kao District",Bronchocela cristatella,m,85.2,276,2.88,7.34,12.31,12.64,23.41,14.18,39.53,,37.75,47,35,5,1,7,10,26,cut,15,1,1,0.5,0.5,5
159943,USNM,128.321303,2.040172,Indonesia,Moluccas,Morotai,Morotai Island Regency,Wama-Pitoe area,Bronchocela cristatella,f,85.21,280,2.88,7.32,11.89,10.27,24.19,14.32,40.25,29.54,71.59,55,34,6,1,9,10,27,33,14,1.5,1.5,0.5,0.5,6
237433,USNM,127.68,0.88,Indonesia,Moluccas,Halmahera,West Halmahera Regency,"Kampung Pasir Putih, Jailolo District",Bronchocela cristatella,m,88.31,294,3.68,8.22,12.53,11.8,26.43,15.95,44.49,32.05,76.27,49,32,6,1,8,11,26,34,10,2,2,1,1,5
237431,USNM,127.68,0.88,Indonesia,Moluccas,Halmahera,West Halmahera Regency,"Kampung Pasir Putih, Jailolo District",Bronchocela cristatella,f,88.98,175,3.49,7.75,11.72,10.26,24.2,14.96,39.36,30.01,71.46,57,34,6,1,8,9,26,33,13,0.5,0.5,0.5,0.5,6
215800,USNM,127.937821,0.970542,Indonesia,Moluccas,Halmahera,East Halmahera Regency,"Kampung Loleba, Wasile District",Bronchocela cristatella,f,89.17,291,3.18,8.2,12.32,11.1,24.81,17.59,45.26,32.28,76.1,56,34,6,1,8,8,27,34,13,2,2,1.2,1.2,6
215792,USNM,127.937821,0.970542,Indonesia,Moluccas,Halmahera,East Halmahera Regency,"Kampung Loleba, Wasile District",Bronchocela cristatella,f,90.47,299,2.95,8.34,13.46,10.59,25.83,16.28,41.91,30.55,74.23,46,35,6,2,6,7,26,36,11,3,1,3,1,6
159946,USNM,128.321303,2.040172,Indonesia,Moluccas,Morotai,Morotai Island Regency,Wama-Pitoe area,Bronchocela cristatella,f,92.64,225(regen),3.01,7.74,11.71,10.67,24.29,14.96,41.88,30.06,73.31,53,28,6,1,9,9,27,34,11,1.5,1.5,1,1,6
237435,USNM,127.68,0.88,Indonesia,Moluccas,Halmahera,West Halmahera Regency,"Kampung Pasir Putih, Jailolo District",Bronchocela cristatella,m,94.92,cut,3.14,9.19,12.95,12.13,25.58,17.39,45.12,30.95,74.76,48,31,6,1,7,8,26,33,13,1.2,1.2,0.5,0.5,7
142968,AMNH,119.975189,-1.382515,Indonesia,Sulawesi,Sulawesi,Central Suluwesi,Sungai (river) Sidaunta: 3000 ft,Bronchocela cristatella (should be celebensis),f,111.4,371,3.05,9.99,18.25,16.47,33.67,20.22,56.33,38.18,91.95,50,37,5,1,11,10,27,33,10,5,5,2,2,5